year,n,intercept,beta,sigma_resid,var_resid,implied_stationary_mean_log,implied_stationary_var_log,mean_resid,sd_resid,persistence,model_tag,model,stage,transition_year_start,transition_year_end,spectral_radius,is_stationary,beta_1,beta_2,beta_3
0,1963,0.9798170766818244,0.4020225681117277,0.9369108725342336,0.8778019830728588,1.638551932616909,1.0470242959324805,-2.6242663445036817e-17,0.9369108725342336,0.4020225681117277,ar1_y,AR(1)-GRW-Y,,,,,,,,
1,2003,0.9287133075429806,0.4849048931057341,0.8757553385008239,0.7669474129126925,1.8029938454329344,1.0027196461675507,4.3943325707579836e-16,0.8757553385008239,0.4849048931057341,ar1_y,AR(1)-GRW-Y,,,,,,,,
2,2005,0.8354258502596275,0.5345764557712844,0.8508099893684883,0.7238776380092072,1.7949797783523551,1.0135105665129844,-6.37893727864429e-17,0.8508099893684884,0.5345764557712844,ar1_y,AR(1)-GRW-Y,,,,,,,,
3,1944,0.8453694699343953,0.5355178525420435,0.8483321243245893,0.7196673931610704,1.8200257524664405,1.0090389471149324,-1.1358084112008805e-15,0.8483321243245893,0.5355178525420435,ar1_y,AR(1)-GRW-Y,,,,,,,,
4,1874,0.7457258099497726,0.5454890446942755,0.8473300470561118,0.7179682086441126,1.64072130989266,1.022103622946586,1.2512225336223748e-16,0.8473300470561117,0.5454890446942755,ar1_y,AR(1)-GRW-Y,,,,,,,,
5,1792,0.7215040431983422,0.5532102084798379,0.8281514701923075,0.6858348575816804,1.6148624182828564,0.988293812873544,8.931347724886305e-16,0.8281514701923075,0.5532102084798379,ar1_y,AR(1)-GRW-Y,,,,,,,,
6,1717,0.6176282679123086,0.5790019667960038,0.8713708334187543,0.7592871293328944,1.467057371294261,1.1422030100555516,1.7380777461807922e-16,0.8713708334187543,0.5790019667960038,ar1_y,AR(1)-GRW-Y,,,,,,,,
7,1631,0.655159184234371,0.5791676378761718,0.8301812762512729,0.6892009514381923,1.5568174959928416,1.0370710312224405,-3.289146324334001e-16,0.8301812762512728,0.5791676378761718,ar1_y,AR(1)-GRW-Y,,,,,,,,
8,1550,0.5698353687242567,0.6190713270231876,0.826163901996638,0.6825467929623105,1.495910938578633,1.106681843655556,-6.200058387842165e-16,0.826163901996638,0.6190713270231876,ar1_y,AR(1)-GRW-Y,,,,,,,,
9,1444,0.5455321626269475,0.6219915597698542,0.852685724729548,0.7270729451575545,1.443174555295133,1.1858449205204191,-7.645469360715067e-16,0.852685724729548,0.6219915597698542,ar1_y,AR(1)-GRW-Y,,,,,,,,
10,1339,0.5567099183660056,0.614132450756712,0.8394226914586868,0.7046304549357456,1.4427487345275622,1.1313161437500554,-3.276774752291724e-16,0.8394226914586868,0.614132450756712,ar1_y,AR(1)-GRW-Y,,,,,,,,
11,1224,0.4895977744133908,0.6498284333319314,0.8283696673708824,0.6861963058201463,1.398165416661273,1.187760046300115,-2.742903943191563e-16,0.8283696673708824,0.6498284333319314,ar1_y,AR(1)-GRW-Y,,,,,,,,
12,1103,0.4252340854325717,0.6530284324408523,0.8708310890756117,0.758346785700616,1.2255588791438443,1.3221893009439063,8.245645528313039e-16,0.8708310890756117,0.6530284324408523,ar1_y,AR(1)-GRW-Y,,,,,,,,
13,1004,0.5040028475416147,0.6456380944069718,0.8511654008137033,0.7244825395423521,1.4222828119691957,1.2423574325969922,2.866233147239448e-16,0.8511654008137033,0.6456380944069718,ar1_y,AR(1)-GRW-Y,,,,,,,,
14,910,0.5456831522828042,0.6153562079355296,0.8943067044146802,0.7997844815610461,1.4186714137618055,1.2871997316067696,5.309550113372177e-16,0.8943067044146802,0.6153562079355296,ar1_y,AR(1)-GRW-Y,,,,,,,,
15,832,0.4657122733377234,0.6829697556698235,0.8194502846930617,0.6714987690835398,1.4689837378818016,1.2585434509858968,-2.604754019312867e-16,0.8194502846930617,0.6829697556698235,ar1_y,AR(1)-GRW-Y,,,,,,,,
16,767,0.3308677550605517,0.6968707923256299,0.8848709495715159,0.7829965973955962,1.0915073397215458,1.5222406531335742,3.5897693625428793e-16,0.8848709495715159,0.6968707923256299,ar1_y,AR(1)-GRW-Y,,,,,,,,
17,700,0.4717449408974274,0.673005720417314,0.8488409628951179,0.7205309802887109,1.4426703167391,1.3170888632313424,8.39963019773547e-16,0.8488409628951179,0.673005720417314,ar1_y,AR(1)-GRW-Y,,,,,,,,
18,640,0.3702903413968065,0.70348379986832,0.8292873834883772,0.6877175644129987,1.2488030712398317,1.3615189259145204,3.4694469519536136e-17,0.8292873834883772,0.70348379986832,ar1_y,AR(1)-GRW-Y,,,,,,,,
19,591,0.3439791181918374,0.7380899590109038,0.8043037214112975,0.646904476276062,1.3133483424034051,1.4210709354102198,4.057667907259455e-16,0.8043037214112975,0.7380899590109038,ar1_y,AR(1)-GRW-Y,,,,,,,,
0,1963,0.9798170766818244,0.4020225681117277,0.9369108725342336,0.8778019830728588,1.638551932616909,1.0470242959324805,-2.6242663445036817e-17,0.9369108725342336,0.4020225681117277,ar1_s,AR(1)-GRW-S,0,0.0,0.0,,,,,
1,7826,0.8482784246430878,0.5215724636655389,0.856860056506938,0.734209156437073,1.773055186459982,1.0085814779810174,-1.0895109671762331e-16,0.856860056506938,0.5215724636655389,ar1_s,AR(1)-GRW-S,1-4,1.0,4.0,,,,,
2,7826,0.8482784246430878,0.5215724636655389,0.856860056506938,0.734209156437073,1.773055186459982,1.0085814779810174,-1.0895109671762331e-16,0.856860056506938,0.5215724636655389,ar1_s,AR(1)-GRW-S,1-4,1.0,4.0,,,,,
3,7826,0.8482784246430878,0.5215724636655389,0.856860056506938,0.734209156437073,1.773055186459982,1.0085814779810174,-1.0895109671762331e-16,0.856860056506938,0.5215724636655389,ar1_s,AR(1)-GRW-S,1-4,1.0,4.0,,,,,
4,7826,0.8482784246430878,0.5215724636655389,0.856860056506938,0.734209156437073,1.773055186459982,1.0085814779810174,-1.0895109671762331e-16,0.856860056506938,0.5215724636655389,ar1_s,AR(1)-GRW-S,1-4,1.0,4.0,,,,,
5,5140,0.6644627461055168,0.5705356476079533,0.8439304696035259,0.7122186375252278,1.5471895220280034,1.055937989399402,1.3478193917628359e-16,0.8439304696035259,0.5705356476079533,ar1_s,AR(1)-GRW-S,5-7,5.0,7.0,,,,,
6,5140,0.6644627461055168,0.5705356476079533,0.8439304696035259,0.7122186375252278,1.5471895220280034,1.055937989399402,1.3478193917628359e-16,0.8439304696035259,0.5705356476079533,ar1_s,AR(1)-GRW-S,5-7,5.0,7.0,,,,,
7,5140,0.6644627461055168,0.5705356476079533,0.8439304696035259,0.7122186375252278,1.5471895220280034,1.055937989399402,1.3478193917628359e-16,0.8439304696035259,0.5705356476079533,ar1_s,AR(1)-GRW-S,5-7,5.0,7.0,,,,,
8,12104,0.4820564251130624,0.6524110439815193,0.8478932400864798,0.718922946584349,1.3868577144534833,1.2516943376266276,-7.038505784669201e-16,0.8478932400864798,0.6524110439815193,ar1_s,AR(1)-GRW-S,8-20,8.0,19.0,,,,,
9,12104,0.4820564251130624,0.6524110439815193,0.8478932400864798,0.718922946584349,1.3868577144534833,1.2516943376266276,-7.038505784669201e-16,0.8478932400864798,0.6524110439815193,ar1_s,AR(1)-GRW-S,8-20,8.0,19.0,,,,,
10,12104,0.4820564251130624,0.6524110439815193,0.8478932400864798,0.718922946584349,1.3868577144534833,1.2516943376266276,-7.038505784669201e-16,0.8478932400864798,0.6524110439815193,ar1_s,AR(1)-GRW-S,8-20,8.0,19.0,,,,,
11,12104,0.4820564251130624,0.6524110439815193,0.8478932400864798,0.718922946584349,1.3868577144534833,1.2516943376266276,-7.038505784669201e-16,0.8478932400864798,0.6524110439815193,ar1_s,AR(1)-GRW-S,8-20,8.0,19.0,,,,,
12,12104,0.4820564251130624,0.6524110439815193,0.8478932400864798,0.718922946584349,1.3868577144534833,1.2516943376266276,-7.038505784669201e-16,0.8478932400864798,0.6524110439815193,ar1_s,AR(1)-GRW-S,8-20,8.0,19.0,,,,,
13,12104,0.4820564251130624,0.6524110439815193,0.8478932400864798,0.718922946584349,1.3868577144534833,1.2516943376266276,-7.038505784669201e-16,0.8478932400864798,0.6524110439815193,ar1_s,AR(1)-GRW-S,8-20,8.0,19.0,,,,,
14,12104,0.4820564251130624,0.6524110439815193,0.8478932400864798,0.718922946584349,1.3868577144534833,1.2516943376266276,-7.038505784669201e-16,0.8478932400864798,0.6524110439815193,ar1_s,AR(1)-GRW-S,8-20,8.0,19.0,,,,,
15,12104,0.4820564251130624,0.6524110439815193,0.8478932400864798,0.718922946584349,1.3868577144534833,1.2516943376266276,-7.038505784669201e-16,0.8478932400864798,0.6524110439815193,ar1_s,AR(1)-GRW-S,8-20,8.0,19.0,,,,,
16,12104,0.4820564251130624,0.6524110439815193,0.8478932400864798,0.718922946584349,1.3868577144534833,1.2516943376266276,-7.038505784669201e-16,0.8478932400864798,0.6524110439815193,ar1_s,AR(1)-GRW-S,8-20,8.0,19.0,,,,,
17,12104,0.4820564251130624,0.6524110439815193,0.8478932400864798,0.718922946584349,1.3868577144534833,1.2516943376266276,-7.038505784669201e-16,0.8478932400864798,0.6524110439815193,ar1_s,AR(1)-GRW-S,8-20,8.0,19.0,,,,,
18,12104,0.4820564251130624,0.6524110439815193,0.8478932400864798,0.718922946584349,1.3868577144534833,1.2516943376266276,-7.038505784669201e-16,0.8478932400864798,0.6524110439815193,ar1_s,AR(1)-GRW-S,8-20,8.0,19.0,,,,,
19,12104,0.4820564251130624,0.6524110439815193,0.8478932400864798,0.718922946584349,1.3868577144534833,1.2516943376266276,-7.038505784669201e-16,0.8478932400864798,0.6524110439815193,ar1_s,AR(1)-GRW-S,8-20,8.0,19.0,,,,,
0,1963,0.9798170766818244,0.4020225681117277,0.9369108725342336,0.8778019830728588,1.638551932616909,1.0470242959324805,-2.6242663445036817e-17,0.9369108725342336,0.4020225681117277,ar1_s_globalinit,AR(1)-GRW-S-G,0,0.0,0.0,,,,,
1,7826,0.8482784246430878,0.5215724636655389,0.856860056506938,0.734209156437073,1.773055186459982,1.0085814779810174,-1.0895109671762331e-16,0.856860056506938,0.5215724636655389,ar1_s_globalinit,AR(1)-GRW-S-G,1-4,1.0,4.0,,,,,
2,7826,0.8482784246430878,0.5215724636655389,0.856860056506938,0.734209156437073,1.773055186459982,1.0085814779810174,-1.0895109671762331e-16,0.856860056506938,0.5215724636655389,ar1_s_globalinit,AR(1)-GRW-S-G,1-4,1.0,4.0,,,,,
3,7826,0.8482784246430878,0.5215724636655389,0.856860056506938,0.734209156437073,1.773055186459982,1.0085814779810174,-1.0895109671762331e-16,0.856860056506938,0.5215724636655389,ar1_s_globalinit,AR(1)-GRW-S-G,1-4,1.0,4.0,,,,,
4,7826,0.8482784246430878,0.5215724636655389,0.856860056506938,0.734209156437073,1.773055186459982,1.0085814779810174,-1.0895109671762331e-16,0.856860056506938,0.5215724636655389,ar1_s_globalinit,AR(1)-GRW-S-G,1-4,1.0,4.0,,,,,
5,5140,0.6644627461055168,0.5705356476079533,0.8439304696035259,0.7122186375252278,1.5471895220280034,1.055937989399402,1.3478193917628359e-16,0.8439304696035259,0.5705356476079533,ar1_s_globalinit,AR(1)-GRW-S-G,5-7,5.0,7.0,,,,,
6,5140,0.6644627461055168,0.5705356476079533,0.8439304696035259,0.7122186375252278,1.5471895220280034,1.055937989399402,1.3478193917628359e-16,0.8439304696035259,0.5705356476079533,ar1_s_globalinit,AR(1)-GRW-S-G,5-7,5.0,7.0,,,,,
7,5140,0.6644627461055168,0.5705356476079533,0.8439304696035259,0.7122186375252278,1.5471895220280034,1.055937989399402,1.3478193917628359e-16,0.8439304696035259,0.5705356476079533,ar1_s_globalinit,AR(1)-GRW-S-G,5-7,5.0,7.0,,,,,
8,12104,0.4820564251130624,0.6524110439815193,0.8478932400864798,0.718922946584349,1.3868577144534833,1.2516943376266276,-7.038505784669201e-16,0.8478932400864798,0.6524110439815193,ar1_s_globalinit,AR(1)-GRW-S-G,8-20,8.0,19.0,,,,,
9,12104,0.4820564251130624,0.6524110439815193,0.8478932400864798,0.718922946584349,1.3868577144534833,1.2516943376266276,-7.038505784669201e-16,0.8478932400864798,0.6524110439815193,ar1_s_globalinit,AR(1)-GRW-S-G,8-20,8.0,19.0,,,,,
10,12104,0.4820564251130624,0.6524110439815193,0.8478932400864798,0.718922946584349,1.3868577144534833,1.2516943376266276,-7.038505784669201e-16,0.8478932400864798,0.6524110439815193,ar1_s_globalinit,AR(1)-GRW-S-G,8-20,8.0,19.0,,,,,
11,12104,0.4820564251130624,0.6524110439815193,0.8478932400864798,0.718922946584349,1.3868577144534833,1.2516943376266276,-7.038505784669201e-16,0.8478932400864798,0.6524110439815193,ar1_s_globalinit,AR(1)-GRW-S-G,8-20,8.0,19.0,,,,,
12,12104,0.4820564251130624,0.6524110439815193,0.8478932400864798,0.718922946584349,1.3868577144534833,1.2516943376266276,-7.038505784669201e-16,0.8478932400864798,0.6524110439815193,ar1_s_globalinit,AR(1)-GRW-S-G,8-20,8.0,19.0,,,,,
13,12104,0.4820564251130624,0.6524110439815193,0.8478932400864798,0.718922946584349,1.3868577144534833,1.2516943376266276,-7.038505784669201e-16,0.8478932400864798,0.6524110439815193,ar1_s_globalinit,AR(1)-GRW-S-G,8-20,8.0,19.0,,,,,
14,12104,0.4820564251130624,0.6524110439815193,0.8478932400864798,0.718922946584349,1.3868577144534833,1.2516943376266276,-7.038505784669201e-16,0.8478932400864798,0.6524110439815193,ar1_s_globalinit,AR(1)-GRW-S-G,8-20,8.0,19.0,,,,,
15,12104,0.4820564251130624,0.6524110439815193,0.8478932400864798,0.718922946584349,1.3868577144534833,1.2516943376266276,-7.038505784669201e-16,0.8478932400864798,0.6524110439815193,ar1_s_globalinit,AR(1)-GRW-S-G,8-20,8.0,19.0,,,,,
16,12104,0.4820564251130624,0.6524110439815193,0.8478932400864798,0.718922946584349,1.3868577144534833,1.2516943376266276,-7.038505784669201e-16,0.8478932400864798,0.6524110439815193,ar1_s_globalinit,AR(1)-GRW-S-G,8-20,8.0,19.0,,,,,
17,12104,0.4820564251130624,0.6524110439815193,0.8478932400864798,0.718922946584349,1.3868577144534833,1.2516943376266276,-7.038505784669201e-16,0.8478932400864798,0.6524110439815193,ar1_s_globalinit,AR(1)-GRW-S-G,8-20,8.0,19.0,,,,,
18,12104,0.4820564251130624,0.6524110439815193,0.8478932400864798,0.718922946584349,1.3868577144534833,1.2516943376266276,-7.038505784669201e-16,0.8478932400864798,0.6524110439815193,ar1_s_globalinit,AR(1)-GRW-S-G,8-20,8.0,19.0,,,,,
19,12104,0.4820564251130624,0.6524110439815193,0.8478932400864798,0.718922946584349,1.3868577144534833,1.2516943376266276,-7.038505784669201e-16,0.8478932400864798,0.6524110439815193,ar1_s_globalinit,AR(1)-GRW-S-G,8-20,8.0,19.0,,,,,
0,1451,1.020303471550196,0.4706556353050226,0.6362875420762529,0.4048618362014393,1.927485281038408,0.520064913744803,,,0.4706556353050226,hurdle_ar1_s,Hurdle-AR(1)-GRW-S,0,0.0,0.0,0.4706556353050226,True,,,
1,6596,0.8750653132630535,0.5519703364005005,0.6240094097240136,0.3893877434241119,1.953141464412695,0.560005241683347,,,0.5519703364005005,hurdle_ar1_s,Hurdle-AR(1)-GRW-S,1-4,1.0,4.0,0.5519703364005005,True,,,
2,6596,0.8750653132630535,0.5519703364005005,0.6240094097240136,0.3893877434241119,1.953141464412695,0.560005241683347,,,0.5519703364005005,hurdle_ar1_s,Hurdle-AR(1)-GRW-S,1-4,1.0,4.0,0.5519703364005005,True,,,
3,6596,0.8750653132630535,0.5519703364005005,0.6240094097240136,0.3893877434241119,1.953141464412695,0.560005241683347,,,0.5519703364005005,hurdle_ar1_s,Hurdle-AR(1)-GRW-S,1-4,1.0,4.0,0.5519703364005005,True,,,
4,6596,0.8750653132630535,0.5519703364005005,0.6240094097240136,0.3893877434241119,1.953141464412695,0.560005241683347,,,0.5519703364005005,hurdle_ar1_s,Hurdle-AR(1)-GRW-S,1-4,1.0,4.0,0.5519703364005005,True,,,
5,4292,0.7186865578929028,0.5869394104725477,0.6281908553523107,0.3946237507482676,1.7399059027032604,0.6020174971680777,,,0.5869394104725477,hurdle_ar1_s,Hurdle-AR(1)-GRW-S,5-7,5.0,7.0,0.5869394104725477,True,,,
6,4292,0.7186865578929028,0.5869394104725477,0.6281908553523107,0.3946237507482676,1.7399059027032604,0.6020174971680777,,,0.5869394104725477,hurdle_ar1_s,Hurdle-AR(1)-GRW-S,5-7,5.0,7.0,0.5869394104725477,True,,,
7,4292,0.7186865578929028,0.5869394104725477,0.6281908553523107,0.3946237507482676,1.7399059027032604,0.6020174971680777,,,0.5869394104725477,hurdle_ar1_s,Hurdle-AR(1)-GRW-S,5-7,5.0,7.0,0.5869394104725477,True,,,
8,9545,0.6190496299172566,0.6332174627423998,0.6433899977348287,0.4139506891852229,1.6877838147525632,0.6910284767269146,,,0.6332174627423998,hurdle_ar1_s,Hurdle-AR(1)-GRW-S,8-20,8.0,19.0,0.6332174627423998,True,,,
9,9545,0.6190496299172566,0.6332174627423998,0.6433899977348287,0.4139506891852229,1.6877838147525632,0.6910284767269146,,,0.6332174627423998,hurdle_ar1_s,Hurdle-AR(1)-GRW-S,8-20,8.0,19.0,0.6332174627423998,True,,,
10,9545,0.6190496299172566,0.6332174627423998,0.6433899977348287,0.4139506891852229,1.6877838147525632,0.6910284767269146,,,0.6332174627423998,hurdle_ar1_s,Hurdle-AR(1)-GRW-S,8-20,8.0,19.0,0.6332174627423998,True,,,
11,9545,0.6190496299172566,0.6332174627423998,0.6433899977348287,0.4139506891852229,1.6877838147525632,0.6910284767269146,,,0.6332174627423998,hurdle_ar1_s,Hurdle-AR(1)-GRW-S,8-20,8.0,19.0,0.6332174627423998,True,,,
12,9545,0.6190496299172566,0.6332174627423998,0.6433899977348287,0.4139506891852229,1.6877838147525632,0.6910284767269146,,,0.6332174627423998,hurdle_ar1_s,Hurdle-AR(1)-GRW-S,8-20,8.0,19.0,0.6332174627423998,True,,,
13,9545,0.6190496299172566,0.6332174627423998,0.6433899977348287,0.4139506891852229,1.6877838147525632,0.6910284767269146,,,0.6332174627423998,hurdle_ar1_s,Hurdle-AR(1)-GRW-S,8-20,8.0,19.0,0.6332174627423998,True,,,
14,9545,0.6190496299172566,0.6332174627423998,0.6433899977348287,0.4139506891852229,1.6877838147525632,0.6910284767269146,,,0.6332174627423998,hurdle_ar1_s,Hurdle-AR(1)-GRW-S,8-20,8.0,19.0,0.6332174627423998,True,,,
15,9545,0.6190496299172566,0.6332174627423998,0.6433899977348287,0.4139506891852229,1.6877838147525632,0.6910284767269146,,,0.6332174627423998,hurdle_ar1_s,Hurdle-AR(1)-GRW-S,8-20,8.0,19.0,0.6332174627423998,True,,,
16,9545,0.6190496299172566,0.6332174627423998,0.6433899977348287,0.4139506891852229,1.6877838147525632,0.6910284767269146,,,0.6332174627423998,hurdle_ar1_s,Hurdle-AR(1)-GRW-S,8-20,8.0,19.0,0.6332174627423998,True,,,
17,9545,0.6190496299172566,0.6332174627423998,0.6433899977348287,0.4139506891852229,1.6877838147525632,0.6910284767269146,,,0.6332174627423998,hurdle_ar1_s,Hurdle-AR(1)-GRW-S,8-20,8.0,19.0,0.6332174627423998,True,,,
18,9545,0.6190496299172566,0.6332174627423998,0.6433899977348287,0.4139506891852229,1.6877838147525632,0.6910284767269146,,,0.6332174627423998,hurdle_ar1_s,Hurdle-AR(1)-GRW-S,8-20,8.0,19.0,0.6332174627423998,True,,,
19,9545,0.6190496299172566,0.6332174627423998,0.6433899977348287,0.4139506891852229,1.6877838147525632,0.6910284767269146,,,0.6332174627423998,hurdle_ar1_s,Hurdle-AR(1)-GRW-S,8-20,8.0,19.0,0.6332174627423998,True,,,
0,1451,1.020303471550196,0.4706556353050226,0.6362875420762529,0.4048618362014393,1.927485281038408,0.520064913744803,,,0.4706556353050226,hurdle_ar1_s_p,Hurdle-AR(1)-GRW-S-P,0,0.0,0.0,0.4706556353050226,True,,,
1,6596,0.8750653132630535,0.5519703364005005,0.6240094097240136,0.3893877434241119,1.953141464412695,0.560005241683347,,,0.5519703364005005,hurdle_ar1_s_p,Hurdle-AR(1)-GRW-S-P,1-4,1.0,4.0,0.5519703364005005,True,,,
2,6596,0.8750653132630535,0.5519703364005005,0.6240094097240136,0.3893877434241119,1.953141464412695,0.560005241683347,,,0.5519703364005005,hurdle_ar1_s_p,Hurdle-AR(1)-GRW-S-P,1-4,1.0,4.0,0.5519703364005005,True,,,
3,6596,0.8750653132630535,0.5519703364005005,0.6240094097240136,0.3893877434241119,1.953141464412695,0.560005241683347,,,0.5519703364005005,hurdle_ar1_s_p,Hurdle-AR(1)-GRW-S-P,1-4,1.0,4.0,0.5519703364005005,True,,,
4,6596,0.8750653132630535,0.5519703364005005,0.6240094097240136,0.3893877434241119,1.953141464412695,0.560005241683347,,,0.5519703364005005,hurdle_ar1_s_p,Hurdle-AR(1)-GRW-S-P,1-4,1.0,4.0,0.5519703364005005,True,,,
5,4292,0.7186865578929028,0.5869394104725477,0.6281908553523107,0.3946237507482676,1.7399059027032604,0.6020174971680777,,,0.5869394104725477,hurdle_ar1_s_p,Hurdle-AR(1)-GRW-S-P,5-7,5.0,7.0,0.5869394104725477,True,,,
6,4292,0.7186865578929028,0.5869394104725477,0.6281908553523107,0.3946237507482676,1.7399059027032604,0.6020174971680777,,,0.5869394104725477,hurdle_ar1_s_p,Hurdle-AR(1)-GRW-S-P,5-7,5.0,7.0,0.5869394104725477,True,,,
7,4292,0.7186865578929028,0.5869394104725477,0.6281908553523107,0.3946237507482676,1.7399059027032604,0.6020174971680777,,,0.5869394104725477,hurdle_ar1_s_p,Hurdle-AR(1)-GRW-S-P,5-7,5.0,7.0,0.5869394104725477,True,,,
8,9545,0.6190496299172566,0.6332174627423998,0.6433899977348287,0.4139506891852229,1.6877838147525632,0.6910284767269146,,,0.6332174627423998,hurdle_ar1_s_p,Hurdle-AR(1)-GRW-S-P,8-20,8.0,19.0,0.6332174627423998,True,,,
9,9545,0.6190496299172566,0.6332174627423998,0.6433899977348287,0.4139506891852229,1.6877838147525632,0.6910284767269146,,,0.6332174627423998,hurdle_ar1_s_p,Hurdle-AR(1)-GRW-S-P,8-20,8.0,19.0,0.6332174627423998,True,,,
10,9545,0.6190496299172566,0.6332174627423998,0.6433899977348287,0.4139506891852229,1.6877838147525632,0.6910284767269146,,,0.6332174627423998,hurdle_ar1_s_p,Hurdle-AR(1)-GRW-S-P,8-20,8.0,19.0,0.6332174627423998,True,,,
11,9545,0.6190496299172566,0.6332174627423998,0.6433899977348287,0.4139506891852229,1.6877838147525632,0.6910284767269146,,,0.6332174627423998,hurdle_ar1_s_p,Hurdle-AR(1)-GRW-S-P,8-20,8.0,19.0,0.6332174627423998,True,,,
12,9545,0.6190496299172566,0.6332174627423998,0.6433899977348287,0.4139506891852229,1.6877838147525632,0.6910284767269146,,,0.6332174627423998,hurdle_ar1_s_p,Hurdle-AR(1)-GRW-S-P,8-20,8.0,19.0,0.6332174627423998,True,,,
13,9545,0.6190496299172566,0.6332174627423998,0.6433899977348287,0.4139506891852229,1.6877838147525632,0.6910284767269146,,,0.6332174627423998,hurdle_ar1_s_p,Hurdle-AR(1)-GRW-S-P,8-20,8.0,19.0,0.6332174627423998,True,,,
14,9545,0.6190496299172566,0.6332174627423998,0.6433899977348287,0.4139506891852229,1.6877838147525632,0.6910284767269146,,,0.6332174627423998,hurdle_ar1_s_p,Hurdle-AR(1)-GRW-S-P,8-20,8.0,19.0,0.6332174627423998,True,,,
15,9545,0.6190496299172566,0.6332174627423998,0.6433899977348287,0.4139506891852229,1.6877838147525632,0.6910284767269146,,,0.6332174627423998,hurdle_ar1_s_p,Hurdle-AR(1)-GRW-S-P,8-20,8.0,19.0,0.6332174627423998,True,,,
16,9545,0.6190496299172566,0.6332174627423998,0.6433899977348287,0.4139506891852229,1.6877838147525632,0.6910284767269146,,,0.6332174627423998,hurdle_ar1_s_p,Hurdle-AR(1)-GRW-S-P,8-20,8.0,19.0,0.6332174627423998,True,,,
17,9545,0.6190496299172566,0.6332174627423998,0.6433899977348287,0.4139506891852229,1.6877838147525632,0.6910284767269146,,,0.6332174627423998,hurdle_ar1_s_p,Hurdle-AR(1)-GRW-S-P,8-20,8.0,19.0,0.6332174627423998,True,,,
18,9545,0.6190496299172566,0.6332174627423998,0.6433899977348287,0.4139506891852229,1.6877838147525632,0.6910284767269146,,,0.6332174627423998,hurdle_ar1_s_p,Hurdle-AR(1)-GRW-S-P,8-20,8.0,19.0,0.6332174627423998,True,,,
19,9545,0.6190496299172566,0.6332174627423998,0.6433899977348287,0.4139506891852229,1.6877838147525632,0.6910284767269146,,,0.6332174627423998,hurdle_ar1_s_p,Hurdle-AR(1)-GRW-S-P,8-20,8.0,19.0,0.6332174627423998,True,,,
0,0,,,,,,,,,,hurdle_ar3_s_p,Hurdle-AR(3)-GRW-S-P,0,0.0,0.0,,False,,,
1,4181,0.5870200011354133,,0.5747697719666096,0.3303602907665484,2.1955157763183344,0.5443095881452243,,,0.8331705275401977,hurdle_ar3_s_p,Hurdle-AR(3)-GRW-S-P,1-4,1.0,4.0,0.8331705275401977,True,0.3547089309001022,0.2744337171452973,0.1034850982603962
2,4181,0.5870200011354133,,0.5747697719666096,0.3303602907665484,2.1955157763183344,0.5443095881452243,,,0.8331705275401977,hurdle_ar3_s_p,Hurdle-AR(3)-GRW-S-P,1-4,1.0,4.0,0.8331705275401977,True,0.3547089309001022,0.2744337171452973,0.1034850982603962
3,4181,0.5870200011354133,,0.5747697719666096,0.3303602907665484,2.1955157763183344,0.5443095881452243,,,0.8331705275401977,hurdle_ar3_s_p,Hurdle-AR(3)-GRW-S-P,1-4,1.0,4.0,0.8331705275401977,True,0.3547089309001022,0.2744337171452973,0.1034850982603962
4,4181,0.5870200011354133,,0.5747697719666096,0.3303602907665484,2.1955157763183344,0.5443095881452243,,,0.8331705275401977,hurdle_ar3_s_p,Hurdle-AR(3)-GRW-S-P,1-4,1.0,4.0,0.8331705275401977,True,0.3547089309001022,0.2744337171452973,0.1034850982603962
5,3880,0.318208817361692,,0.5806993562646541,0.3372117423661836,1.5138702863967106,0.6317607201155067,,,0.8784762987308975,hurdle_ar3_s_p,Hurdle-AR(3)-GRW-S-P,5-7,5.0,7.0,0.8784762987308975,True,0.3460910992026347,0.2704057542027016,0.1733075834601976
6,3880,0.318208817361692,,0.5806993562646541,0.3372117423661836,1.5138702863967106,0.6317607201155067,,,0.8784762987308975,hurdle_ar3_s_p,Hurdle-AR(3)-GRW-S-P,5-7,5.0,7.0,0.8784762987308975,True,0.3460910992026347,0.2704057542027016,0.1733075834601976
7,3880,0.318208817361692,,0.5806993562646541,0.3372117423661836,1.5138702863967106,0.6317607201155067,,,0.8784762987308975,hurdle_ar3_s_p,Hurdle-AR(3)-GRW-S-P,5-7,5.0,7.0,0.8784762987308975,True,0.3460910992026347,0.2704057542027016,0.1733075834601976
8,8445,0.2691562205326883,,0.587905452214792,0.3456328207438789,1.5310899135354226,0.7324092151772278,,,0.8996746414805292,hurdle_ar3_s_p,Hurdle-AR(3)-GRW-S-P,8-20,8.0,19.0,0.8996746414805292,True,0.3500748243664803,0.2918231944588195,0.1823081116225308
9,8445,0.2691562205326883,,0.587905452214792,0.3456328207438789,1.5310899135354226,0.7324092151772278,,,0.8996746414805292,hurdle_ar3_s_p,Hurdle-AR(3)-GRW-S-P,8-20,8.0,19.0,0.8996746414805292,True,0.3500748243664803,0.2918231944588195,0.1823081116225308
10,8445,0.2691562205326883,,0.587905452214792,0.3456328207438789,1.5310899135354226,0.7324092151772278,,,0.8996746414805292,hurdle_ar3_s_p,Hurdle-AR(3)-GRW-S-P,8-20,8.0,19.0,0.8996746414805292,True,0.3500748243664803,0.2918231944588195,0.1823081116225308
11,8445,0.2691562205326883,,0.587905452214792,0.3456328207438789,1.5310899135354226,0.7324092151772278,,,0.8996746414805292,hurdle_ar3_s_p,Hurdle-AR(3)-GRW-S-P,8-20,8.0,19.0,0.8996746414805292,True,0.3500748243664803,0.2918231944588195,0.1823081116225308
12,8445,0.2691562205326883,,0.587905452214792,0.3456328207438789,1.5310899135354226,0.7324092151772278,,,0.8996746414805292,hurdle_ar3_s_p,Hurdle-AR(3)-GRW-S-P,8-20,8.0,19.0,0.8996746414805292,True,0.3500748243664803,0.2918231944588195,0.1823081116225308
13,8445,0.2691562205326883,,0.587905452214792,0.3456328207438789,1.5310899135354226,0.7324092151772278,,,0.8996746414805292,hurdle_ar3_s_p,Hurdle-AR(3)-GRW-S-P,8-20,8.0,19.0,0.8996746414805292,True,0.3500748243664803,0.2918231944588195,0.1823081116225308
14,8445,0.2691562205326883,,0.587905452214792,0.3456328207438789,1.5310899135354226,0.7324092151772278,,,0.8996746414805292,hurdle_ar3_s_p,Hurdle-AR(3)-GRW-S-P,8-20,8.0,19.0,0.8996746414805292,True,0.3500748243664803,0.2918231944588195,0.1823081116225308
15,8445,0.2691562205326883,,0.587905452214792,0.3456328207438789,1.5310899135354226,0.7324092151772278,,,0.8996746414805292,hurdle_ar3_s_p,Hurdle-AR(3)-GRW-S-P,8-20,8.0,19.0,0.8996746414805292,True,0.3500748243664803,0.2918231944588195,0.1823081116225308
16,8445,0.2691562205326883,,0.587905452214792,0.3456328207438789,1.5310899135354226,0.7324092151772278,,,0.8996746414805292,hurdle_ar3_s_p,Hurdle-AR(3)-GRW-S-P,8-20,8.0,19.0,0.8996746414805292,True,0.3500748243664803,0.2918231944588195,0.1823081116225308
17,8445,0.2691562205326883,,0.587905452214792,0.3456328207438789,1.5310899135354226,0.7324092151772278,,,0.8996746414805292,hurdle_ar3_s_p,Hurdle-AR(3)-GRW-S-P,8-20,8.0,19.0,0.8996746414805292,True,0.3500748243664803,0.2918231944588195,0.1823081116225308
18,8445,0.2691562205326883,,0.587905452214792,0.3456328207438789,1.5310899135354226,0.7324092151772278,,,0.8996746414805292,hurdle_ar3_s_p,Hurdle-AR(3)-GRW-S-P,8-20,8.0,19.0,0.8996746414805292,True,0.3500748243664803,0.2918231944588195,0.1823081116225308
19,8445,0.2691562205326883,,0.587905452214792,0.3456328207438789,1.5310899135354226,0.7324092151772278,,,0.8996746414805292,hurdle_ar3_s_p,Hurdle-AR(3)-GRW-S-P,8-20,8.0,19.0,0.8996746414805292,True,0.3500748243664803,0.2918231944588195,0.1823081116225308
