previous_quantile,n,previous_mean,next_mean,next_median,target_q_now,source,model_tag
1,1490,0.30645203004906324,1.4818419304807269,0.0,0,Empirical,empirical
2,292,1.9434954201975494,2.069044550841827,1.6728094678460528,0,Empirical,empirical
3,268,2.590815589484674,2.6548922911994337,2.2279075736025726,0,Empirical,empirical
4,285,3.4169277324785496,3.2607189472590106,2.805192523944833,0,Empirical,empirical
5,281,4.721514300984257,2.944045023198429,2.4119594510180393,0,Empirical,empirical
6,290,8.129140363379866,4.423919432294753,3.902056991355255,0,Empirical,empirical
1,688,0.220827337002241,3.9787627278647766,2.6892289639051876,0,ARW4,arw4
2,687,0.629781806862416,4.201340593596101,3.123486383468963,0,ARW4,arw4
3,687,1.0696796739621306,3.636204388854896,2.6465749729914254,0,ARW4,arw4
4,687,1.5435765202795475,4.035056788671168,2.770923189890916,0,ARW4,arw4
5,687,2.097082795814766,3.8576574236501795,2.571476757514101,0,ARW4,arw4
6,687,2.7204396326050544,3.7657122338695275,2.7107028293479014,0,ARW4,arw4
7,687,3.4833425919256653,3.9972233573144558,2.7744045403465396,0,ARW4,arw4
8,687,4.521870253645835,3.999613113731628,2.594629764557456,0,ARW4,arw4
9,687,5.988073213841433,3.741753711752837,2.587978790289611,0,ARW4,arw4
10,688,9.627852157489407,4.035708389539947,2.7652898669623975,0,ARW4,arw4
1,1802,0.04176968539157266,0.05453134976999763,0.03913573535419995,0,Unfitted-GRW,unfitted_grw
2,1802,0.10021785569217957,0.1281818629141163,0.10082446676364284,0,Unfitted-GRW,unfitted_grw
3,1802,0.15193173668142873,0.1919685730359501,0.15153662051231714,0,Unfitted-GRW,unfitted_grw
4,1801,0.20455129010786732,0.24791286221474654,0.19903439677490245,0,Unfitted-GRW,unfitted_grw
5,1802,0.25886768081050815,0.28212233315067864,0.23041389255863587,0,Unfitted-GRW,unfitted_grw
6,1802,0.320524577365869,0.3325797338588866,0.28091731496635575,0,Unfitted-GRW,unfitted_grw
7,1801,0.3907027975420366,0.35752427031913175,0.3045641557989916,0,Unfitted-GRW,unfitted_grw
8,1802,0.4841082394438428,0.38863005769466885,0.33635426019347964,0,Unfitted-GRW,unfitted_grw
9,1802,0.6188510208604867,0.4191475240986357,0.36235784821102024,0,Unfitted-GRW,unfitted_grw
10,1802,0.9782536724620455,0.45507218907424835,0.3915361858400769,0,Unfitted-GRW,unfitted_grw
1,15377,0.00015219912238316079,0.4581224028622917,0.037804498239236706,0,GRW-Y,grw_y
2,3844,0.07319385405425993,0.4853572089594184,0.050465260842571524,0,GRW-Y,grw_y
3,3844,0.21418571886972426,0.5161963772558484,0.07701443181783285,0,GRW-Y,grw_y
4,3844,0.4115607519162275,0.5443306963528073,0.09035071109671178,0,GRW-Y,grw_y
5,3844,0.6894433283843682,0.6122588441794914,0.11570234553742931,0,GRW-Y,grw_y
6,3844,1.1937368249802423,0.614214589656478,0.14516113942304315,0,GRW-Y,grw_y
7,3845,3.120462308051216,0.688072909431202,0.1700777457311009,0,GRW-Y,grw_y
1,42384,0.0018991789402290303,0.13042621193747134,0.0,0,GRW-G,grw_global
2,6055,0.21527980097146937,0.43436503186283754,0.0,0,GRW-G,grw_global
3,6055,0.642149006636919,0.5101777177155838,0.010879821621122998,0,GRW-G,grw_global
4,6055,2.3257288235395683,0.6474780349834113,0.12094406661403012,0,GRW-G,grw_global
1,1474,3.831400672079607e-05,1.276339939378142,0.6931019060314952,0,AR(1)-GRW-Y,ar1_y
2,1474,0.09562910096901545,1.3496339650156028,0.7342032369183438,0,AR(1)-GRW-Y,ar1_y
3,1473,0.2929920245195541,1.4079574350228121,0.7446116785812964,0,AR(1)-GRW-Y,ar1_y
4,1474,0.5022251179286972,1.403158816383465,0.7643796457209245,0,AR(1)-GRW-Y,ar1_y
5,1473,0.7479852905856351,1.4664215033727679,0.8630498980456203,0,AR(1)-GRW-Y,ar1_y
6,1474,1.048950085881457,1.4838090408766778,0.8147629960759464,0,AR(1)-GRW-Y,ar1_y
7,1473,1.4490631499147197,1.4827082438783201,0.8490847744520322,0,AR(1)-GRW-Y,ar1_y
8,1474,2.007043949636074,1.5845853798541816,0.8445536898839948,0,AR(1)-GRW-Y,ar1_y
9,1473,2.9391652122785437,1.6424557877250392,0.938707971102571,0,AR(1)-GRW-Y,ar1_y
10,1474,6.306399040448391,1.6566177403563387,0.995180507095271,0,AR(1)-GRW-Y,ar1_y
1,1422,5.102541466190353e-05,1.3103284298229998,0.7388036473509344,0,AR(1)-GRW-S,ar1_s
2,1422,0.10163610254018478,1.5603736511245085,0.7561898339204762,0,AR(1)-GRW-S,ar1_s
3,1421,0.29932433898132327,1.4057439367019955,0.7938692578803359,0,AR(1)-GRW-S,ar1_s
4,1422,0.5105499095769694,1.5173038921458806,0.8477918813936804,0,AR(1)-GRW-S,ar1_s
5,1422,0.7529536087727571,1.490467560335737,0.8672312050889542,0,AR(1)-GRW-S,ar1_s
6,1421,1.0559851231964472,1.4577018117748402,0.8416625740583206,0,AR(1)-GRW-S,ar1_s
7,1422,1.4532509445939727,1.5715074982282682,0.8397516825246166,0,AR(1)-GRW-S,ar1_s
8,1421,2.031615354119878,1.6496806255409606,1.0024379934031493,0,AR(1)-GRW-S,ar1_s
9,1422,2.993586715581381,1.664115877575014,0.9123329808432751,0,AR(1)-GRW-S,ar1_s
10,1422,6.4360815000664955,1.6938168874923754,0.9964669567856963,0,AR(1)-GRW-S,ar1_s
1,1417,0.00010401119627347947,1.3717728119892136,0.700080606638257,0,AR(1)-GRW-S-G,ar1_s_globalinit
2,1417,0.10386684383478992,1.5115137568453931,0.7970224005407642,0,AR(1)-GRW-S-G,ar1_s_globalinit
3,1416,0.29760150805595575,1.3653464168881646,0.7493591403118993,0,AR(1)-GRW-S-G,ar1_s_globalinit
4,1417,0.5065227677316076,1.4922107636487927,0.8304664517107716,0,AR(1)-GRW-S-G,ar1_s_globalinit
5,1417,0.7575967903083599,1.4923809755928032,0.8658768223542934,0,AR(1)-GRW-S-G,ar1_s_globalinit
6,1416,1.0742822630011708,1.5036490630854085,0.9318487242289173,0,AR(1)-GRW-S-G,ar1_s_globalinit
7,1417,1.4858886749305444,1.5517260703784024,0.8498477828874291,0,AR(1)-GRW-S-G,ar1_s_globalinit
8,1416,2.0685626197940614,1.539253692713493,0.9183089675241992,0,AR(1)-GRW-S-G,ar1_s_globalinit
9,1417,3.04952736502637,1.6933532551474595,0.9905894789696164,0,AR(1)-GRW-S-G,ar1_s_globalinit
10,1417,6.320099149874646,1.7992233353628668,1.0185830815120591,0,AR(1)-GRW-S-G,ar1_s_globalinit
1,13045,0.048169199557347435,1.9831451223627456,0.6476275181535449,0,Hurdle-AR(1)-GRW-S,hurdle_ar1_s
2,2608,1.8454626264312386,2.174731922143491,0.6498987864266341,0,Hurdle-AR(1)-GRW-S,hurdle_ar1_s
3,2609,3.393835113571582,2.3105168846425035,0.5931118330963888,0,Hurdle-AR(1)-GRW-S,hurdle_ar1_s
4,2609,5.268561853253776,2.4358697177509705,0.6427788270035725,0,Hurdle-AR(1)-GRW-S,hurdle_ar1_s
5,2609,8.150877277615072,2.2334525298337913,0.5945194320073632,0,Hurdle-AR(1)-GRW-S,hurdle_ar1_s
6,2609,17.65136320566166,2.185914145076038,0.4950632901915575,0,Hurdle-AR(1)-GRW-S,hurdle_ar1_s
1,13971,0.03382796609900162,1.9942798782019007,0.5098300298035031,0,Hurdle-AR(1)-GRW-S-P,hurdle_ar1_s_p
2,2794,1.133934251494786,2.294349628816577,0.662843984362473,0,Hurdle-AR(1)-GRW-S-P,hurdle_ar1_s_p
3,2794,1.9857580797026735,2.1516823767880826,0.5268111467369236,0,Hurdle-AR(1)-GRW-S-P,hurdle_ar1_s_p
4,2794,2.865676582629032,2.298882709602116,0.6315134077345088,0,Hurdle-AR(1)-GRW-S-P,hurdle_ar1_s_p
5,2794,4.114869815442762,2.3395603470910253,0.5985693058481671,0,Hurdle-AR(1)-GRW-S-P,hurdle_ar1_s_p
6,2794,7.098413682343951,2.224501805951223,0.4877164980825588,0,Hurdle-AR(1)-GRW-S-P,hurdle_ar1_s_p
1,14631,0.028118613734830246,1.947518353008532,0.42129114305430465,0,Hurdle-AR(3)-GRW-S-P,hurdle_ar3_s_p
2,2926,0.9261165661326249,2.064324826057697,0.5470990833861378,0,Hurdle-AR(3)-GRW-S-P,hurdle_ar3_s_p
3,2926,1.7744744071353271,2.292515239804987,0.6619117921605995,0,Hurdle-AR(3)-GRW-S-P,hurdle_ar3_s_p
4,2926,2.6729778112783213,2.18364907230962,0.5461384936768612,0,Hurdle-AR(3)-GRW-S-P,hurdle_ar3_s_p
5,2926,3.8979244479006967,2.3198610459035214,0.4811700988299057,0,Hurdle-AR(3)-GRW-S-P,hurdle_ar3_s_p
6,2927,6.940649955449221,2.1547063179536194,0.5262926004464475,0,Hurdle-AR(3)-GRW-S-P,hurdle_ar3_s_p
1,201,0.27069043403255666,4.00277333746041,3.3697770746336086,5,Empirical,empirical
2,194,1.7104016179921677,4.607203077519188,4.353094199477136,5,Empirical,empirical
3,179,2.6007648140812636,4.987700204695049,4.6144047052993615,5,Empirical,empirical
4,202,3.480610287955097,4.638822644655769,4.493036099511478,5,Empirical,empirical
5,203,4.587415302331151,5.040955664976244,4.493036099511478,5,Empirical,empirical
6,184,5.3227054610117985,5.737632377759038,4.9262058302767695,5,Empirical,empirical
7,175,6.338103772533989,6.055221603009667,5.084821644986893,5,Empirical,empirical
8,202,7.670876541018979,6.249112306318815,5.988513030183942,5,Empirical,empirical
9,181,9.318383549286143,6.288960911914042,5.616295124389348,5,Empirical,empirical
10,191,13.956149154133316,8.70001478010122,8.681894503351716,5,Empirical,empirical
1,1582,0.702808498791362,5.740719791383561,4.722803884165171,5,ARW4,arw4
2,1581,1.9634453279690325,5.790574955179042,4.659731719020281,5,ARW4,arw4
3,1581,3.026653675438084,5.546887253936772,4.440945669824391,5,ARW4,arw4
4,1582,3.9948206140618345,5.606273936228038,4.564490295977917,5,ARW4,arw4
5,1581,4.871817145245396,5.621274425977155,4.686235917259992,5,ARW4,arw4
6,1581,5.728057241068357,5.614205618101466,4.578117724966252,5,ARW4,arw4
7,1582,6.573016370888629,5.462966937813117,4.538292312361206,5,ARW4,arw4
8,1581,7.544762918755021,5.676579328263738,4.727949047233406,5,ARW4,arw4
9,1581,8.94809086714044,5.45180784557245,4.5356201479435745,5,ARW4,arw4
10,1582,12.536673103409104,5.743459223781244,4.656847875083085,5,ARW4,arw4
1,1026,2.1976406398526547,5.671766176809656,4.940531981765289,5,Unfitted-GRW,unfitted_grw
2,1025,2.9976814285571622,5.684687921235509,5.068511579864312,5,Unfitted-GRW,unfitted_grw
3,1025,3.5437694895852054,5.68674814580923,5.03124535681116,5,Unfitted-GRW,unfitted_grw
4,1025,4.020561665156788,5.677976778911041,4.989787699186674,5,Unfitted-GRW,unfitted_grw
5,1025,4.5190307923242345,5.645886994744968,4.979490213148428,5,Unfitted-GRW,unfitted_grw
6,1025,5.07233717775678,5.697105686347531,4.995367620452345,5,Unfitted-GRW,unfitted_grw
7,1025,5.71512104294742,5.682012592918198,5.0699149265635075,5,Unfitted-GRW,unfitted_grw
8,1025,6.554337257748655,5.840994579551363,5.132321509048748,5,Unfitted-GRW,unfitted_grw
9,1025,7.774168938808884,5.798450481961638,5.015352444915964,5,Unfitted-GRW,unfitted_grw
10,1026,10.967287037524674,5.921998288652854,5.185731712311492,5,Unfitted-GRW,unfitted_grw
1,555,0.5962705453625882,8.553110136435077,4.9865414802175,5,GRW-Y,grw_y
2,554,1.4927172499383214,7.73691977512839,5.054710502622214,5,GRW-Y,grw_y
3,555,2.2535111269029358,7.854429099566736,4.884118580507694,5,GRW-Y,grw_y
4,554,3.0505319111394953,7.855303610979194,4.638648832808507,5,GRW-Y,grw_y
5,555,3.959817609551825,7.689145639522379,4.937780175380015,5,GRW-Y,grw_y
6,554,5.0980436407457175,8.208930759752413,5.228819351651915,5,GRW-Y,grw_y
7,554,6.597024139712281,7.6079304975766044,5.161687319780542,5,GRW-Y,grw_y
8,555,8.674385840206561,7.948982672706761,4.869271558018675,5,GRW-Y,grw_y
9,554,12.400289904020253,8.278330639802077,5.509576925599756,5,GRW-Y,grw_y
10,555,26.788880544712466,8.256682693315646,4.996861752010663,5,GRW-Y,grw_y
1,485,0.6600533576544305,7.468641748164846,4.819606246362422,5,GRW-G,grw_global
2,484,1.5563045744779564,7.269726423840145,4.736050730437988,5,GRW-G,grw_global
3,484,2.384518342120878,7.556290309380087,4.4082431379612625,5,GRW-G,grw_global
4,484,3.2424523609362503,8.959776240859954,4.900064789748585,5,GRW-G,grw_global
5,484,4.216844814817905,7.551390562155983,4.732619743422335,5,GRW-G,grw_global
6,484,5.417921380648884,8.695426794767062,5.180924587904227,5,GRW-G,grw_global
7,484,6.877698141058517,8.36154367247038,5.514370387296877,5,GRW-G,grw_global
8,484,9.030093036863981,7.965734221899857,5.024974689180157,5,GRW-G,grw_global
9,484,12.715530758543352,8.602243558489118,5.270285212379273,5,GRW-G,grw_global
10,485,26.263625391542348,7.920834855504988,5.05556403542246,5,GRW-G,grw_global
1,1266,0.6720419334718178,6.453984520298026,4.579059427786058,5,AR(1)-GRW-Y,ar1_y
2,1265,1.5648254722433885,6.8162159379116645,4.509315262995747,5,AR(1)-GRW-Y,ar1_y
3,1265,2.3447586288971776,6.675229709716742,4.6088241592645325,5,AR(1)-GRW-Y,ar1_y
4,1266,3.15278680269538,6.937917494542073,4.562860165132252,5,AR(1)-GRW-Y,ar1_y
5,1265,4.062761110894705,6.928128905494885,4.711946759489955,5,AR(1)-GRW-Y,ar1_y
6,1265,5.197238011438199,6.684717536778005,4.5287151216200145,5,AR(1)-GRW-Y,ar1_y
7,1266,6.62386500128692,6.7160526389825215,4.628808991597772,5,AR(1)-GRW-Y,ar1_y
8,1265,8.659350123725746,6.827925897697097,4.521177450380588,5,AR(1)-GRW-Y,ar1_y
9,1265,11.966660070884652,6.947009754104286,4.591556053500712,5,AR(1)-GRW-Y,ar1_y
10,1266,23.51352458091574,6.961826827593899,4.628951762932333,5,AR(1)-GRW-Y,ar1_y
1,1274,0.7401098530617768,6.998302957175487,4.6219261983412,5,AR(1)-GRW-S,ar1_s
2,1273,1.6633384740383033,7.040199897134619,4.930997099422112,5,AR(1)-GRW-S,ar1_s
3,1274,2.440036498256378,7.082985241183074,5.065927182779325,5,AR(1)-GRW-S,ar1_s
4,1273,3.234806980971055,6.73877198773912,4.565145376450351,5,AR(1)-GRW-S,ar1_s
5,1274,4.1304362068634966,6.733955197711751,4.604049375917279,5,AR(1)-GRW-S,ar1_s
6,1273,5.197729451691224,6.473239205427566,4.473376711387118,5,AR(1)-GRW-S,ar1_s
7,1273,6.660149536566624,7.011348425151007,4.603616950602312,5,AR(1)-GRW-S,ar1_s
8,1274,8.674233081453417,6.623301573501036,4.326875747753933,5,AR(1)-GRW-S,ar1_s
9,1273,12.066419033742168,6.790948601227102,4.461763173543106,5,AR(1)-GRW-S,ar1_s
10,1274,23.803823326087826,6.904730729037843,4.781257607666359,5,AR(1)-GRW-S,ar1_s
1,1267,0.6771696173216067,7.341011288416314,4.966940720832206,5,AR(1)-GRW-S-G,ar1_s_globalinit
2,1267,1.585658116876953,6.402500069340726,4.287910116720424,5,AR(1)-GRW-S-G,ar1_s_globalinit
3,1267,2.346621156650576,7.06241149503606,4.692202010986057,5,AR(1)-GRW-S-G,ar1_s_globalinit
4,1267,3.1500293740920635,7.593388012419464,4.741704506904553,5,AR(1)-GRW-S-G,ar1_s_globalinit
5,1267,4.096292666829247,6.487185993582293,4.404441102034841,5,AR(1)-GRW-S-G,ar1_s_globalinit
6,1267,5.167725687782554,6.806629789081098,4.505088799906843,5,AR(1)-GRW-S-G,ar1_s_globalinit
7,1267,6.569461103243755,6.635842481384807,4.484792334576039,5,AR(1)-GRW-S-G,ar1_s_globalinit
8,1267,8.520541713858908,6.957478947880645,4.667271113437163,5,AR(1)-GRW-S-G,ar1_s_globalinit
9,1267,11.688607589808987,6.825812129996051,4.64001473614342,5,AR(1)-GRW-S-G,ar1_s_globalinit
10,1267,23.28714772640713,6.592664045542907,4.634000028893586,5,AR(1)-GRW-S-G,ar1_s_globalinit
1,1559,0.3910042180539238,5.873248539967872,4.8480565914705185,5,Hurdle-AR(1)-GRW-S,hurdle_ar1_s
2,1558,1.930557140533768,6.063173426183815,5.061548344634755,5,Hurdle-AR(1)-GRW-S,hurdle_ar1_s
3,1559,2.7264201439219224,5.981740302239608,4.876722431284384,5,Hurdle-AR(1)-GRW-S,hurdle_ar1_s
4,1558,3.459395433510534,5.996377068331187,4.902359711495913,5,Hurdle-AR(1)-GRW-S,hurdle_ar1_s
5,1559,4.233720644274896,5.559387952616025,4.535479096858222,5,Hurdle-AR(1)-GRW-S,hurdle_ar1_s
6,1558,5.058626423650375,6.121617034350128,5.055282225257368,5,Hurdle-AR(1)-GRW-S,hurdle_ar1_s
7,1558,6.056032478922629,5.851656403042545,4.824937687063338,5,Hurdle-AR(1)-GRW-S,hurdle_ar1_s
8,1559,7.3467669187607685,5.956454119517767,4.878016798873772,5,Hurdle-AR(1)-GRW-S,hurdle_ar1_s
9,1558,9.393331189351075,5.93628510010504,4.857454161918474,5,Hurdle-AR(1)-GRW-S,hurdle_ar1_s
10,1559,15.377887551835325,6.00046105517964,5.053948774368167,5,Hurdle-AR(1)-GRW-S,hurdle_ar1_s
1,1521,0.304804391049024,5.857991716419111,4.869970883715153,5,Hurdle-AR(1)-GRW-S-P,hurdle_ar1_s_p
2,1521,2.053170718965946,5.911229171795016,4.903856873471871,5,Hurdle-AR(1)-GRW-S-P,hurdle_ar1_s_p
3,1520,2.992923437618332,5.70669218764263,4.762922196773996,5,Hurdle-AR(1)-GRW-S-P,hurdle_ar1_s_p
4,1521,3.795306515308916,6.085901416406523,5.126930173479069,5,Hurdle-AR(1)-GRW-S-P,hurdle_ar1_s_p
5,1520,4.611919150644664,5.870113183316862,4.729881920335384,5,Hurdle-AR(1)-GRW-S-P,hurdle_ar1_s_p
6,1521,5.533322089002023,5.81977140467407,4.856279359934434,5,Hurdle-AR(1)-GRW-S-P,hurdle_ar1_s_p
7,1520,6.629814653104968,6.158149883140654,4.953780654726456,5,Hurdle-AR(1)-GRW-S-P,hurdle_ar1_s_p
8,1521,8.039711233880704,5.821222502483574,4.873452145206367,5,Hurdle-AR(1)-GRW-S-P,hurdle_ar1_s_p
9,1520,10.253496821313744,5.688064738897131,4.730074992097792,5,Hurdle-AR(1)-GRW-S-P,hurdle_ar1_s_p
10,1521,16.560352911092057,5.9403585473479374,4.931306647627598,5,Hurdle-AR(1)-GRW-S-P,hurdle_ar1_s_p
1,1470,0.27919068005598496,5.47736549330627,4.534510111535348,5,Hurdle-AR(3)-GRW-S-P,hurdle_ar3_s_p
2,1470,2.1030644551535187,4.280368601844342,3.6297865021027005,5,Hurdle-AR(3)-GRW-S-P,hurdle_ar3_s_p
3,1470,3.0394444156112774,4.6956130148130395,4.020828117255789,5,Hurdle-AR(3)-GRW-S-P,hurdle_ar3_s_p
4,1470,3.8389372726457345,5.192628672629448,4.41446843309502,5,Hurdle-AR(3)-GRW-S-P,hurdle_ar3_s_p
5,1470,4.66304077408282,5.475809965665322,4.622234302856392,5,Hurdle-AR(3)-GRW-S-P,hurdle_ar3_s_p
6,1469,5.5846552364793265,5.725960348129508,4.877652425021722,5,Hurdle-AR(3)-GRW-S-P,hurdle_ar3_s_p
7,1470,6.64393430039298,6.415282315758484,5.520842697154706,5,Hurdle-AR(3)-GRW-S-P,hurdle_ar3_s_p
8,1470,8.015345460391984,6.742513018320173,5.707211944192668,5,Hurdle-AR(3)-GRW-S-P,hurdle_ar3_s_p
9,1470,10.216385771649845,7.422010584741437,6.402915993208992,5,Hurdle-AR(3)-GRW-S-P,hurdle_ar3_s_p
10,1470,16.452859479425634,8.480226828602694,7.284819059078678,5,Hurdle-AR(3)-GRW-S-P,hurdle_ar3_s_p
1,104,1.6429545622448098,6.854845929577162,6.337265153610854,10,Empirical,empirical
2,92,3.711428910405306,7.2166711449830405,6.4509380103866425,10,Empirical,empirical
3,99,5.013582211175759,7.533451919993812,6.739554149267217,10,Empirical,empirical
4,99,6.350097262524158,7.583646414052224,7.500638964126613,10,Empirical,empirical
5,89,7.433791717290631,8.198611906159675,7.162506692905852,10,Empirical,empirical
6,99,8.563368348781724,9.091279176667204,8.13951419978478,10,Empirical,empirical
7,94,10.08092030922875,8.973783305327506,7.963242843564195,10,Empirical,empirical
8,99,11.53417328650596,10.090774887195355,9.647837804072156,10,Empirical,empirical
9,95,13.858895369914949,10.558047368830977,10.109331223900826,10,Empirical,empirical
10,95,19.02559902410236,12.153690506346981,11.536011763248403,10,Empirical,empirical
1,873,1.2768253845084165,8.906533413567622,8.08592468517518,10,ARW4,arw4
2,872,3.4056859765140746,8.493551042263745,7.9233256053404535,10,ARW4,arw4
3,872,5.233286015538637,8.632651841885655,7.990772540180268,10,ARW4,arw4
4,873,6.850614692545009,8.186898277435663,7.63857507376278,10,ARW4,arw4
5,872,8.29920691291959,8.939145118852599,8.293184314098824,10,ARW4,arw4
6,872,9.688041867221365,8.501936178660035,7.993566670798485,10,ARW4,arw4
7,873,11.068170155143864,8.480709892734012,7.874874037451008,10,ARW4,arw4
8,872,12.360587470841446,8.51437800301017,7.876747995519862,10,ARW4,arw4
9,872,13.797865049408887,8.381251382234973,7.8667059726152235,10,ARW4,arw4
10,873,17.37288475386295,8.54525398923692,7.832251566921796,10,ARW4,arw4
1,410,3.8911353435298626,10.971800178875565,9.977339977588013,10,Unfitted-GRW,unfitted_grw
2,409,5.26121954985718,11.481301386581332,10.15610682929808,10,Unfitted-GRW,unfitted_grw
3,409,6.2253794147273975,11.279377889536601,10.250717551498303,10,Unfitted-GRW,unfitted_grw
4,409,7.119641187773614,11.423783897498602,10.03211067387457,10,Unfitted-GRW,unfitted_grw
5,409,8.036598636527314,11.33898768251741,10.251712135478318,10,Unfitted-GRW,unfitted_grw
6,409,9.090551384497491,11.588178545649505,9.922613278728594,10,Unfitted-GRW,unfitted_grw
7,409,10.293527122727184,11.48073950813705,9.804943619613404,10,Unfitted-GRW,unfitted_grw
8,409,11.880508585786167,11.498316929788936,10.587298311445156,10,Unfitted-GRW,unfitted_grw
9,409,14.192524541026025,11.121511478556588,9.647314367471918,10,Unfitted-GRW,unfitted_grw
10,409,20.79689854349929,11.518156494385638,9.984853245387702,10,Unfitted-GRW,unfitted_grw
1,276,1.442047124099723,15.056325934075211,9.592568438871378,10,GRW-Y,grw_y
2,276,2.968238752590901,15.929058340925094,10.100806099613585,10,GRW-Y,grw_y
3,276,4.226130133858941,16.268616806136865,9.521515718883538,10,GRW-Y,grw_y
4,276,5.603900575083397,16.256833630859752,10.438643020651185,10,GRW-Y,grw_y
5,276,7.212104611729125,13.86149488263411,8.322785080921669,10,GRW-Y,grw_y
6,276,9.081535687433602,14.869168566013204,9.447948251717204,10,GRW-Y,grw_y
7,276,11.684792296718571,14.304955127213903,9.833030778064511,10,GRW-Y,grw_y
8,276,15.755078948788592,13.889940438533332,10.144743667411753,10,GRW-Y,grw_y
9,276,22.026542788505935,16.14608366006211,9.87012464091491,10,GRW-Y,grw_y
10,276,47.288207851726206,14.57272802953162,10.299966891985168,10,GRW-Y,grw_y
1,241,1.5435610293065123,16.15392371032942,11.566548260487398,10,GRW-G,grw_global
2,241,2.9722878049956383,14.428436135515081,9.920486883170982,10,GRW-G,grw_global
3,241,4.176150940178287,18.751259785573303,10.79940139931563,10,GRW-G,grw_global
4,241,5.483545566042233,17.490046639341347,10.356829879835061,10,GRW-G,grw_global
5,241,7.012554241052259,17.790293439438223,10.760085200264992,10,GRW-G,grw_global
6,241,8.955778724837543,17.665488534284584,10.603812510986021,10,GRW-G,grw_global
7,241,11.452706135274893,14.031616638864573,8.606295863442247,10,GRW-G,grw_global
8,241,14.89157232340488,16.099454258193855,9.71592363364319,10,GRW-G,grw_global
9,241,20.789356967574296,14.977541627729735,10.077461408192462,10,GRW-G,grw_global
10,241,43.02388691213604,16.837923344255422,10.07847103177356,10,GRW-G,grw_global
1,497,1.2432517469696105,9.997274946699298,6.891633271790483,10,AR(1)-GRW-Y,ar1_y
2,496,2.667268711321922,10.94459008146873,7.327670708848677,10,AR(1)-GRW-Y,ar1_y
3,496,3.7727521960888106,11.017225103899856,7.53783779846853,10,AR(1)-GRW-Y,ar1_y
4,496,4.9184095714665546,9.570606940435196,7.018070540465789,10,AR(1)-GRW-Y,ar1_y
5,497,6.18816168606692,10.744302072509178,6.970854361624174,10,AR(1)-GRW-Y,ar1_y
6,496,7.775669579301643,9.664072993500398,6.745176818259472,10,AR(1)-GRW-Y,ar1_y
7,496,9.637015813362618,9.977314779579041,7.336725073149209,10,AR(1)-GRW-Y,ar1_y
8,496,12.53472668425896,10.426661635260073,6.793990926105771,10,AR(1)-GRW-Y,ar1_y
9,496,17.495163138354236,11.084655937631764,7.586719877126149,10,AR(1)-GRW-Y,ar1_y
10,497,34.09167161151538,10.82457474836276,7.640954974554518,10,AR(1)-GRW-Y,ar1_y
1,507,1.1979108784787122,10.657709453289756,6.788002944981657,10,AR(1)-GRW-S,ar1_s
2,506,2.524919461662569,10.841026183424088,7.290194529820351,10,AR(1)-GRW-S,ar1_s
3,506,3.6649780273614336,9.828824230229932,6.205253362233345,10,AR(1)-GRW-S,ar1_s
4,506,4.885377012264405,10.446471708428737,6.9628080311608525,10,AR(1)-GRW-S,ar1_s
5,506,6.178236480174309,10.155436805162058,7.170021870360737,10,AR(1)-GRW-S,ar1_s
6,506,7.767016565610731,9.849853705125152,6.850221670764833,10,AR(1)-GRW-S,ar1_s
7,506,9.804005570998171,9.63509682076195,6.9595911283461245,10,AR(1)-GRW-S,ar1_s
8,506,12.552339891951505,10.826806063292358,7.59354793085175,10,AR(1)-GRW-S,ar1_s
9,506,17.654434925187342,11.018171391169183,7.753802535138134,10,AR(1)-GRW-S,ar1_s
10,507,34.564450426519066,11.261583804311627,8.020478317252687,10,AR(1)-GRW-S,ar1_s
1,520,1.2994149587295742,10.85864965920874,7.622309313013103,10,AR(1)-GRW-S-G,ar1_s_globalinit
2,520,2.6416215636710536,9.773238028212235,7.183301655306801,10,AR(1)-GRW-S-G,ar1_s_globalinit
3,520,3.8412172428574887,10.033116780404368,6.974064732417466,10,AR(1)-GRW-S-G,ar1_s_globalinit
4,520,5.016791790001075,9.547634693565385,7.344739461945345,10,AR(1)-GRW-S-G,ar1_s_globalinit
5,520,6.397742694251917,10.228836514972466,6.522921285487167,10,AR(1)-GRW-S-G,ar1_s_globalinit
6,519,8.03771581093767,11.247303698419643,7.8376647952089975,10,AR(1)-GRW-S-G,ar1_s_globalinit
7,520,10.12556265896173,9.968415438300045,6.856305199754763,10,AR(1)-GRW-S-G,ar1_s_globalinit
8,520,13.134057578182471,10.531716628581378,7.778317999238586,10,AR(1)-GRW-S-G,ar1_s_globalinit
9,520,17.995518295072454,10.153150117901088,7.065942281374549,10,AR(1)-GRW-S-G,ar1_s_globalinit
10,520,35.85874585848629,10.14034683688782,7.043864015765294,10,AR(1)-GRW-S-G,ar1_s_globalinit
1,583,1.2301246879863386,8.915615611048532,7.868959010400812,10,Hurdle-AR(1)-GRW-S,hurdle_ar1_s
2,583,3.464946752257324,9.26311830296104,7.35040069712414,10,Hurdle-AR(1)-GRW-S,hurdle_ar1_s
3,582,4.542862380007492,9.30111075803351,7.604095115357358,10,Hurdle-AR(1)-GRW-S,hurdle_ar1_s
4,583,5.563550232301095,9.397198635027479,7.476613412402544,10,Hurdle-AR(1)-GRW-S,hurdle_ar1_s
5,582,6.690896608756062,9.277828305738126,7.772713736776254,10,Hurdle-AR(1)-GRW-S,hurdle_ar1_s
6,583,7.971359695522191,9.042883754430019,7.806567692434879,10,Hurdle-AR(1)-GRW-S,hurdle_ar1_s
7,582,9.50812853824861,9.378108919156592,7.760533452594239,10,Hurdle-AR(1)-GRW-S,hurdle_ar1_s
8,583,11.47171920981516,8.818056003133607,7.238253047169469,10,Hurdle-AR(1)-GRW-S,hurdle_ar1_s
9,582,14.684617534815837,8.860609600389084,7.476987453906427,10,Hurdle-AR(1)-GRW-S,hurdle_ar1_s
10,583,24.171156820625868,8.82804856649186,7.612824685397848,10,Hurdle-AR(1)-GRW-S,hurdle_ar1_s
1,630,1.2161970139476714,9.920305933686224,8.183312310393097,10,Hurdle-AR(1)-GRW-S-P,hurdle_ar1_s_p
2,629,3.7499993489148666,9.530494399634655,7.5835363185930325,10,Hurdle-AR(1)-GRW-S-P,hurdle_ar1_s_p
3,629,4.982807455039473,9.590877169531707,8.26304969298352,10,Hurdle-AR(1)-GRW-S-P,hurdle_ar1_s_p
4,629,6.112722377489064,9.645775101230372,8.26229354462613,10,Hurdle-AR(1)-GRW-S-P,hurdle_ar1_s_p
5,630,7.263114174010569,9.452694167013632,7.351679693537362,10,Hurdle-AR(1)-GRW-S-P,hurdle_ar1_s_p
6,629,8.659355230147192,9.36141056608336,7.75071903514208,10,Hurdle-AR(1)-GRW-S-P,hurdle_ar1_s_p
7,629,10.251797844366491,10.00546705613038,7.771084082092372,10,Hurdle-AR(1)-GRW-S-P,hurdle_ar1_s_p
8,629,12.287697128858396,9.627823746368607,7.810912188620659,10,Hurdle-AR(1)-GRW-S-P,hurdle_ar1_s_p
9,629,15.462268172792742,9.46045678756737,7.824609186555046,10,Hurdle-AR(1)-GRW-S-P,hurdle_ar1_s_p
10,630,25.208598900521352,9.912603834456137,7.873539763353672,10,Hurdle-AR(1)-GRW-S-P,hurdle_ar1_s_p
1,626,1.2029018850198445,7.620283652634969,6.304188147369043,10,Hurdle-AR(3)-GRW-S-P,hurdle_ar3_s_p
2,626,3.7934986186805086,7.537901783231429,6.612750535799829,10,Hurdle-AR(3)-GRW-S-P,hurdle_ar3_s_p
3,626,5.020322787629513,7.970644232730521,6.493237399095426,10,Hurdle-AR(3)-GRW-S-P,hurdle_ar3_s_p
4,625,6.1087840336683445,8.307271726083432,7.096563414016458,10,Hurdle-AR(3)-GRW-S-P,hurdle_ar3_s_p
5,626,7.241906873444649,9.557016004959792,8.372718973734212,10,Hurdle-AR(3)-GRW-S-P,hurdle_ar3_s_p
6,626,8.613569885845488,9.621197364673915,8.145711355032585,10,Hurdle-AR(3)-GRW-S-P,hurdle_ar3_s_p
7,625,10.181923409763849,10.32407932785635,8.749727060808999,10,Hurdle-AR(3)-GRW-S-P,hurdle_ar3_s_p
8,626,12.314891295966934,11.330111331423666,9.608503307101351,10,Hurdle-AR(3)-GRW-S-P,hurdle_ar3_s_p
9,626,15.481190659910594,12.41559243181855,9.942925038817297,10,Hurdle-AR(3)-GRW-S-P,hurdle_ar3_s_p
10,626,25.223997396682343,13.454338786883216,11.269381330840641,10,Hurdle-AR(3)-GRW-S-P,hurdle_ar3_s_p
