year,origin_state,destination_state,direct_probability,composed_probability,residual
0,zero,zero,0.36403508771929827,0.29685428421475546,0.06718080350454281
0,zero,positive 1,0.23684210526315788,0.21944570441977512,0.01739640084338276
0,zero,positive 2,0.19736842105263158,0.19060551655902547,0.0067629044936061145
0,zero,positive 3,0.14035087719298245,0.15892276386400417,-0.01857188667102172
0,zero,positive 4,0.06140350877192982,0.13417173094243987,-0.07276822217051004
0,positive 1,zero,0.10743801652892562,0.21693435843154427,-0.10949634190261864
0,positive 1,positive 1,0.23140495867768596,0.23318320201031054,-0.0017782433326245795
0,positive 1,positive 2,0.2644628099173554,0.18749670787721515,0.07696610204014023
0,positive 1,positive 3,0.19008264462809918,0.1888911702774041,0.001191474350695082
0,positive 1,positive 4,0.2066115702479339,0.173494561403526,0.03311700884440788
0,positive 2,zero,0.1875,0.17184681584570474,0.015653184154295258
0,positive 2,positive 1,0.22321428571428573,0.20053166332233816,0.02268262239194757
0,positive 2,positive 2,0.13392857142857142,0.1722986223506609,-0.03837005092208948
0,positive 2,positive 3,0.21428571428571427,0.21033426503074254,0.003951449254971734
0,positive 2,positive 4,0.24107142857142858,0.24498863345055366,-0.003917204879125086
0,positive 3,zero,0.1111111111111111,0.14221964701296125,-0.031108535901850143
0,positive 3,positive 1,0.13580246913580246,0.19830675550262378,-0.06250428636682132
0,positive 3,positive 2,0.13580246913580246,0.17608663871022415,-0.040284169574421685
0,positive 3,positive 3,0.2962962962962963,0.2248524083439582,0.07144388795233808
0,positive 3,positive 4,0.32098765432098764,0.2585345504302326,0.062453103890755035
0,positive 4,zero,0.061224489795918366,0.08778634787857374,-0.026561858082655376
0,positive 4,positive 1,0.08163265306122448,0.10671058084141427,-0.025077927780189788
0,positive 4,positive 2,0.08163265306122448,0.14886483944075485,-0.06723218637953036
0,positive 4,positive 3,0.20408163265306123,0.24774072400280361,-0.043659091349742385
0,positive 4,positive 4,0.5714285714285714,0.4088975078364535,0.16253106359211789
1,zero,zero,0.39375,0.28859616085515943,0.10515383914484056
1,zero,positive 1,0.20625,0.19543828093863833,0.010811719061361663
1,zero,positive 2,0.18125,0.2045554246799215,-0.0233054246799215
1,zero,positive 3,0.13125,0.18471555335829148,-0.05346555335829148
1,zero,positive 4,0.0875,0.12669458016798923,-0.03919458016798924
1,positive 1,zero,0.14285714285714285,0.18480080615641975,-0.0419436632992769
1,positive 1,positive 1,0.23529411764705882,0.1757643577028463,0.05952975994421253
1,positive 1,positive 2,0.2857142857142857,0.2083541153111888,0.0773601704030969
1,positive 1,positive 3,0.24369747899159663,0.218346327872777,0.025351151118819637
1,positive 1,positive 4,0.09243697478991597,0.21273439295676824,-0.12029741816685227
1,positive 2,zero,0.15384615384615385,0.16884830750396013,-0.015002153657806272
1,positive 2,positive 1,0.11538461538461539,0.17260820680120628,-0.05722359141659089
1,positive 2,positive 2,0.2980769230769231,0.21424806704310156,0.08382885603382151
1,positive 2,positive 3,0.23076923076923078,0.2221622936139103,0.008606937155320488
1,positive 2,positive 4,0.20192307692307693,0.2221331250378217,-0.020210048114744777
1,positive 3,zero,0.09448818897637795,0.1384176999923544,-0.04392951101597645
1,positive 3,positive 1,0.15748031496062992,0.14959523232095717,0.007885082639672747
1,positive 3,positive 2,0.13385826771653545,0.1935232826761147,-0.059665014959579266
1,positive 3,positive 3,0.2755905511811024,0.23253053216319688,0.04306001901790549
1,positive 3,positive 4,0.33858267716535434,0.28593325284737686,0.05264942431797748
1,positive 4,zero,0.012345679012345678,0.07029686976690958,-0.0579511907545639
1,positive 4,positive 1,0.06172839506172839,0.10943294408755731,-0.04770454902582892
1,positive 4,positive 2,0.08641975308641975,0.16812020317076493,-0.08170045008434518
1,positive 4,positive 3,0.24691358024691357,0.2571116336449411,-0.01019805339802754
1,positive 4,positive 4,0.5925925925925926,0.3950383493298272,0.19755424326276538
2,zero,zero,0.5581395348837209,0.30795716067540485,0.25018237420831607
2,zero,positive 1,0.13953488372093023,0.16343234590024502,-0.023897462179314793
2,zero,positive 2,0.12403100775193798,0.18202734311956054,-0.057996335367622553
2,zero,positive 3,0.10077519379844961,0.18179409021957985,-0.08101889642113023
2,zero,positive 4,0.07751937984496124,0.16478906008520977,-0.08726968024024853
2,positive 1,zero,0.14754098360655737,0.22866276847598016,-0.08112178486942279
2,positive 1,positive 1,0.22950819672131148,0.15083566056076322,0.07867253616054826
2,positive 1,positive 2,0.23770491803278687,0.20194021046093913,0.03576470757184774
2,positive 1,positive 3,0.23770491803278687,0.20289562593331673,0.034809292099470146
2,positive 1,positive 4,0.14754098360655737,0.2156657345690008,-0.06812475096244341
2,positive 2,zero,0.14953271028037382,0.20766097823375762,-0.0581282679533838
2,positive 2,positive 1,0.14953271028037382,0.1422955166728757,0.00723719360749811
2,positive 2,positive 2,0.29906542056074764,0.20496567117864847,0.09409974938209917
2,positive 2,positive 3,0.205607476635514,0.2084402840067787,-0.0028328073712646784
2,positive 2,positive 4,0.19626168224299065,0.23663754990793948,-0.04037586766494883
2,positive 3,zero,0.08849557522123894,0.15490551513188416,-0.06640993991064523
2,positive 3,positive 1,0.11504424778761062,0.12395115564564677,-0.008906907858036148
2,positive 3,positive 2,0.20353982300884957,0.19269984110686597,0.010839981901983597
2,positive 3,positive 3,0.25663716814159293,0.2158744035480764,0.04076276459351652
2,positive 3,positive 4,0.336283185840708,0.3125690845675267,0.0237141012731813
2,positive 4,zero,0.016666666666666666,0.08877183864906849,-0.07210517198240182
2,positive 4,positive 1,0.041666666666666664,0.09402646598749578,-0.05235979932082912
2,positive 4,positive 2,0.1,0.1681279850012573,-0.0681279850012573
2,positive 4,positive 3,0.24166666666666667,0.22581981673459675,0.015846849932069917
2,positive 4,positive 4,0.6,0.4232538936275817,0.17674610637241828
3,zero,zero,0.3944954128440367,0.2837471551312747,0.11074825771276203
3,zero,positive 1,0.22018348623853212,0.18797534316021974,0.03220814307831238
3,zero,positive 2,0.12844036697247707,0.1805019866960571,-0.05206161972358003
3,zero,positive 3,0.13761467889908258,0.21197384184402795,-0.07435916294494538
3,zero,positive 4,0.11926605504587157,0.1358016731684205,-0.016535618122548945
3,positive 1,zero,0.14285714285714285,0.1814407538913183,-0.03858361103417546
3,positive 1,positive 1,0.24489795918367346,0.18136434778955063,0.06353361139412284
3,positive 1,positive 2,0.3163265306122449,0.22016736703316547,0.09615916357907944
3,positive 1,positive 3,0.20408163265306123,0.23280277547284906,-0.028721142819787826
3,positive 1,positive 4,0.09183673469387756,0.1842247558131166,-0.09238802111923904
3,positive 2,zero,0.2033898305084746,0.17533668088433407,0.028053149624140516
3,positive 2,positive 1,0.211864406779661,0.17114554992667988,0.04071885685298113
3,positive 2,positive 2,0.2288135593220339,0.22073602541497642,0.008077533907057483
3,positive 2,positive 3,0.22033898305084745,0.23366887203859438,-0.013329888987746924
3,positive 2,positive 4,0.13559322033898305,0.19911287173541525,-0.0635196513964322
3,positive 3,zero,0.07751937984496124,0.13912210687517038,-0.06160272703020914
3,positive 3,positive 1,0.12403100775193798,0.15786128861988144,-0.03383028086794346
3,positive 3,positive 2,0.23255813953488372,0.20438301462144257,0.028175124913441152
3,positive 3,positive 3,0.3023255813953488,0.2417521860678302,0.060573395327518625
3,positive 3,positive 4,0.26356589147286824,0.2568814038156755,0.006684487657192761
3,positive 4,zero,0.0364963503649635,0.06316705166491585,-0.026670701299952346
3,positive 4,positive 1,0.051094890510948905,0.12538467437114714,-0.07428978386019824
3,positive 4,positive 2,0.11678832116788321,0.17763957369157846,-0.06085125252369525
3,positive 4,positive 3,0.291970802919708,0.25781912656465344,0.03415167635505456
3,positive 4,positive 4,0.5036496350364964,0.3759895737077052,0.1276600613287912
4,zero,zero,0.4322033898305085,0.26355808685854926,0.16864530297195923
4,zero,positive 1,0.2711864406779661,0.1953236579628826,0.07586278271508351
4,zero,positive 2,0.13559322033898305,0.23283360303450748,-0.09724038269552443
4,zero,positive 3,0.13559322033898305,0.1965845746208903,-0.060991354281907245
4,zero,positive 4,0.025423728813559324,0.11170007752317038,-0.08627634870961105
4,positive 1,zero,0.125,0.16896507081465834,-0.043965070814658336
4,positive 1,positive 1,0.2125,0.18957280853425035,0.022927191465749647
4,positive 1,positive 2,0.3375,0.2643893885876565,0.07311061141234354
4,positive 1,positive 3,0.225,0.21925457858945957,0.0057454214105404355
4,positive 1,positive 4,0.1,0.15781815347397524,-0.05781815347397523
4,positive 2,zero,0.11607142857142858,0.14321984738495108,-0.027148418813522507
4,positive 2,positive 1,0.19642857142857142,0.18066650851198754,0.015762062916583885
4,positive 2,positive 2,0.36607142857142855,0.2753522659740059,0.09071916259742263
4,positive 2,positive 3,0.22321428571428573,0.22706639955161653,-0.003852113837330806
4,positive 2,positive 4,0.09821428571428571,0.1736949785774389,-0.07548069286315319
4,positive 3,zero,0.07377049180327869,0.12385611360439253,-0.05008562180111384
4,positive 3,positive 1,0.1557377049180328,0.16055129313050767,-0.0048135882124748786
4,positive 3,positive 2,0.2540983606557377,0.24715077527023296,0.006947585385504745
4,positive 3,positive 3,0.2786885245901639,0.2355726477761891,0.0431158768139748
4,positive 3,positive 4,0.23770491803278687,0.23286917021867778,0.004835747814109087
4,positive 4,zero,0.031446540880503145,0.07693000829351013,-0.04548346741300698
4,positive 4,positive 1,0.050314465408805034,0.1255602324677691,-0.07524576705896406
4,positive 4,positive 2,0.18238993710691823,0.21624298982929885,-0.03385305272238062
4,positive 4,positive 3,0.2641509433962264,0.25214688131510726,0.012004062081119149
4,positive 4,positive 4,0.4716981132075472,0.3291198880943147,0.14257822511323248
5,zero,zero,0.40625,0.2642171609805538,0.1420328390194462
5,zero,positive 1,0.28125,0.24099976164708306,0.04025023835291694
5,zero,positive 2,0.20833333333333334,0.2203226461038961,-0.011989312770562754
5,zero,positive 3,0.08333333333333333,0.16682905801209372,-0.08349572467876039
5,zero,positive 4,0.020833333333333332,0.10763137325637326,-0.08679803992303993
5,positive 1,zero,0.1875,0.21900029740431526,-0.03150029740431526
5,positive 1,positive 1,0.3333333333333333,0.23851772400879545,0.09481560932453786
5,positive 1,positive 2,0.28125,0.23169097973785474,0.04955902026214526
5,positive 1,positive 3,0.125,0.17730772864701436,-0.05230772864701436
5,positive 1,positive 4,0.07291666666666667,0.13348327020202022,-0.06056660353535355
5,positive 2,zero,0.1694915254237288,0.15495543320906516,0.014536092214663648
5,positive 2,positive 1,0.23728813559322035,0.21219909809498186,0.025089037498238487
5,positive 2,positive 2,0.2542372881355932,0.24495504887454037,0.009282239261052844
5,positive 2,positive 3,0.1864406779661017,0.20358520055856616,-0.017144522592464462
5,positive 2,positive 4,0.15254237288135594,0.18430521926284638,-0.031762846381490434
5,positive 3,zero,0.10714285714285714,0.1454643679261026,-0.03832151078324546
5,positive 3,positive 1,0.17857142857142858,0.1935628760883863,-0.014991447516957718
5,positive 3,positive 2,0.2571428571428571,0.23222217927575073,0.02492067786710639
5,positive 3,positive 3,0.2714285714285714,0.21033298239930895,0.06109558902926246
5,positive 3,positive 4,0.18571428571428572,0.21841759431045146,-0.03270330859616574
5,positive 4,zero,0.02127659574468085,0.07064802387750715,-0.0493714281328263
5,positive 4,positive 1,0.028368794326241134,0.12643989467697675,-0.09807110035073562
5,positive 4,positive 2,0.14893617021276595,0.20702759612334076,-0.05809142591057481
5,positive 4,positive 3,0.2907801418439716,0.24463260481497565,0.04614753702899596
5,positive 4,positive 4,0.5106382978723404,0.3512518805071996,0.1593864173651408
6,zero,zero,0.375,0.24291530403135736,0.13208469596864264
6,zero,positive 1,0.2727272727272727,0.24732203796678592,0.025405234760486783
6,zero,positive 2,0.22727272727272727,0.2717225315242569,-0.04444980425152964
6,zero,positive 3,0.09090909090909091,0.1525581864231064,-0.061649095514015484
6,zero,positive 4,0.03409090909090909,0.08548194005449347,-0.05139103096358438
6,positive 1,zero,0.21428571428571427,0.20924925146846876,0.005036462817245513
6,positive 1,positive 1,0.30612244897959184,0.23722719454091407,0.06889525443867778
6,positive 1,positive 2,0.24489795918367346,0.2681306981738237,-0.023232738990150215
6,positive 1,positive 3,0.17346938775510204,0.1759138491133623,-0.0024444613582602637
6,positive 1,positive 4,0.061224489795918366,0.10947900670343116,-0.0482545169075128
6,positive 2,zero,0.14583333333333334,0.14352145955662138,0.0023118737767119646
6,positive 2,positive 1,0.20833333333333334,0.20914374710544312,-0.0008104137721097748
6,positive 2,positive 2,0.2916666666666667,0.257783962860822,0.03388270380584468
6,positive 2,positive 3,0.2361111111111111,0.22592326651130862,0.010187844599802487
6,positive 2,positive 4,0.11805555555555555,0.1636275639658049,-0.04557200841024936
6,positive 3,zero,0.05185185185185185,0.11619021957602609,-0.06433836772417423
6,positive 3,positive 1,0.2,0.18968990664031382,0.01031009335968619
6,positive 3,positive 2,0.26666666666666666,0.2458465872355113,0.020820079431155353
6,positive 3,positive 3,0.34074074074074073,0.2461784096803194,0.09456233106042133
6,positive 3,positive 4,0.14074074074074075,0.20209487686782945,-0.061354136127088704
6,positive 4,zero,0.023809523809523808,0.053684577638203335,-0.029875053828679526
6,positive 4,positive 1,0.05555555555555555,0.1370044334467229,-0.08144887789116734
6,positive 4,positive 2,0.19047619047619047,0.20239229266728792,-0.011916102191097455
6,positive 4,positive 3,0.21428571428571427,0.282287989660203,-0.06800227537448875
6,positive 4,positive 4,0.5158730158730159,0.3246307065875828,0.19124230928543312
7,zero,zero,0.42105263157894735,0.2872459891959001,0.13380664238304724
7,zero,positive 1,0.29473684210526313,0.2405675307650708,0.054169311340192344
7,zero,positive 2,0.2,0.2451067700963004,-0.0451067700963004
7,zero,positive 3,0.05263157894736842,0.12077077717928777,-0.06813919823191936
7,zero,positive 4,0.031578947368421054,0.10630893276344089,-0.07472998539501984
7,positive 1,zero,0.23275862068965517,0.22201664873403437,0.010741971955620794
7,positive 1,positive 1,0.27586206896551724,0.21690526786397651,0.05895680110154072
7,positive 1,positive 2,0.3017241379310345,0.25440973175576403,0.04731440617527044
7,positive 1,positive 3,0.1206896551724138,0.16044638107977494,-0.03975672590736114
7,positive 1,positive 4,0.06896551724137931,0.14622197056645012,-0.0772564533250708
7,positive 2,zero,0.12686567164179105,0.16932770581028425,-0.0424620341684932
7,positive 2,positive 1,0.1865671641791045,0.19462484648802614,-0.008057682308921649
7,positive 2,positive 2,0.34328358208955223,0.2579170529155272,0.08536652917402504
7,positive 2,positive 3,0.1865671641791045,0.18748119964190624,-0.0009140354628017489
7,positive 2,positive 4,0.15671641791044777,0.19064919514425627,-0.0339327772338085
7,positive 3,zero,0.0743801652892562,0.10403140930053344,-0.029651244011277236
7,positive 3,positive 1,0.12396694214876033,0.14731839939495586,-0.02335145724619553
7,positive 3,positive 2,0.2396694214876033,0.24275455729220782,-0.0030851358046045108
7,positive 3,positive 3,0.30578512396694213,0.22664665725830924,0.07913846670863289
7,positive 3,positive 4,0.256198347107438,0.2792489767539937,-0.023050629646555687
7,positive 4,zero,0.016,0.05343989335439096,-0.03743989335439096
7,positive 4,positive 1,0.032,0.09663854199129468,-0.06463854199129468
7,positive 4,positive 2,0.112,0.21015313147316045,-0.09815313147316045
7,positive 4,positive 3,0.24,0.22694615745954336,0.013053842540456634
7,positive 4,positive 4,0.6,0.4128222757216106,0.18717772427838936
8,zero,zero,0.47058823529411764,0.2940769644013688,0.17651127089274882
8,zero,positive 1,0.2235294117647059,0.3127901676770973,-0.08926075591239138
8,zero,positive 2,0.12941176470588237,0.1834486271799504,-0.054036862474068026
8,zero,positive 3,0.1411764705882353,0.1485115944666355,-0.007335123878400213
8,zero,positive 4,0.03529411764705882,0.06117264627494806,-0.02587852862788924
8,positive 1,zero,0.2542372881355932,0.1986869326162659,0.0555503555193273
8,positive 1,positive 1,0.2796610169491525,0.2633989269412804,0.0162620900078721
8,positive 1,positive 2,0.2457627118644068,0.20242951167591436,0.04333320018849243
8,positive 1,positive 3,0.1271186440677966,0.19586049830784735,-0.06874185424005075
8,positive 1,positive 4,0.09322033898305085,0.139624130458692,-0.04640379147564114
8,positive 2,zero,0.1232876712328767,0.17270554391647774,-0.04941787268360104
8,positive 2,positive 1,0.3150684931506849,0.23913735334027802,0.07593113981040689
8,positive 2,positive 2,0.21232876712328766,0.19481156909450692,0.01751719802878074
8,positive 2,positive 3,0.2465753424657534,0.21457270273921789,0.032002639726535526
8,positive 2,positive 4,0.10273972602739725,0.1787728309095194,-0.07603310488212214
8,positive 3,zero,0.030303030303030304,0.09447037250240913,-0.06416734219937882
8,positive 3,positive 1,0.16666666666666666,0.17437666934494478,-0.007710002678278122
8,positive 3,positive 2,0.22727272727272727,0.18314985487858382,0.04412287239414345
8,positive 3,positive 3,0.30303030303030304,0.2599412863090833,0.04308901672121973
8,positive 3,positive 4,0.2727272727272727,0.288061816964979,-0.015334544237706305
8,positive 4,zero,0.0,0.05339364904582296,-0.05339364904582296
8,positive 4,positive 1,0.06363636363636363,0.10363625842874855,-0.039999894792384916
8,positive 4,positive 2,0.08181818181818182,0.16274467618341137,-0.08092649436522956
8,positive 4,positive 3,0.22727272727272727,0.2420464661571381,-0.01477373888441083
8,positive 4,positive 4,0.6272727272727273,0.438178950184879,0.1890937770878483
9,zero,zero,0.5263157894736842,0.2965603823328512,0.22975540714083298
9,zero,positive 1,0.29473684210526313,0.28137292809534653,0.0133639140099166
9,zero,positive 2,0.1368421052631579,0.22203465173000664,-0.08519254646684873
9,zero,positive 3,0.031578947368421054,0.14068064903708338,-0.10910170166866233
9,zero,positive 4,0.010526315789473684,0.05935138880471229,-0.048825073015238606
9,positive 1,zero,0.23076923076923078,0.23051577616153107,0.0002534546076997102
9,positive 1,positive 1,0.3269230769230769,0.24947950144966605,0.07744357547341088
9,positive 1,positive 2,0.2692307692307692,0.23695856650413719,0.03227220272663203
9,positive 1,positive 3,0.15384615384615385,0.18558342295520194,-0.03173726910904809
9,positive 1,positive 4,0.019230769230769232,0.09746273292946381,-0.07823196369869458
9,positive 2,zero,0.11188811188811189,0.1786451526399902,-0.06675704075187831
9,positive 2,positive 1,0.23776223776223776,0.2135674194494877,0.024194818312750055
9,positive 2,positive 2,0.2937062937062937,0.22764694905241456,0.06605934465387914
9,positive 2,positive 3,0.24475524475524477,0.22069319838647114,0.024062046368773626
9,positive 2,positive 4,0.11188811188811189,0.15944728047163645,-0.04755916858352456
9,positive 3,zero,0.036036036036036036,0.0992392007059501,-0.06320316466991407
9,positive 3,positive 1,0.10810810810810811,0.1661474407336525,-0.05803933262554439
9,positive 3,positive 2,0.24324324324324326,0.21294186215615318,0.030301381087090073
9,positive 3,positive 3,0.3783783783783784,0.276122983487676,0.1022553948907024
9,positive 3,positive 4,0.23423423423423423,0.24554851291656823,-0.011314278682334006
9,positive 4,zero,0.014492753623188406,0.052835614867397455,-0.03834286124420905
9,positive 4,positive 1,0.057971014492753624,0.1039217157787293,-0.04595070128597568
9,positive 4,positive 2,0.10144927536231885,0.15994896199558573,-0.05849968663326688
9,positive 4,positive 3,0.2898550724637681,0.29801365085317877,-0.008158578389410642
9,positive 4,positive 4,0.5362318840579711,0.38528005650510877,0.1509518275528623
10,zero,zero,0.43478260869565216,0.2832404510505658,0.15154215764508638
10,zero,positive 1,0.2717391304347826,0.30673968425451137,-0.035000553819728775
10,zero,positive 2,0.15217391304347827,0.21409348397433164,-0.061919570930853374
10,zero,positive 3,0.07608695652173914,0.1364035903995007,-0.060316633877761566
10,zero,positive 4,0.06521739130434782,0.05952279032109047,0.005694600983257352
10,positive 1,zero,0.14960629921259844,0.20311634064782666,-0.05351004143522822
10,positive 1,positive 1,0.33858267716535434,0.27099661477406606,0.06758606239128828
10,positive 1,positive 2,0.36220472440944884,0.2659041842762523,0.09630054013319655
10,positive 1,positive 3,0.11023622047244094,0.17353058694333362,-0.06329436647089268
10,positive 1,positive 4,0.03937007874015748,0.0864522733585214,-0.04708219461836392
10,positive 2,zero,0.14545454545454545,0.1546614603471078,-0.00920691489256234
10,positive 2,positive 1,0.23636363636363636,0.2384984479685291,-0.0021348116048927335
10,positive 2,positive 2,0.2727272727272727,0.2871132933403921,-0.014386020613119388
10,positive 2,positive 3,0.21818181818181817,0.19400177137798183,0.02418004680383634
10,positive 2,positive 4,0.12727272727272726,0.12572502696598914,0.00154770030673812
10,positive 3,zero,0.0625,0.08588031074151017,-0.023380310741510174
10,positive 3,positive 1,0.1953125,0.17295909473703275,0.022353405262967252
10,positive 3,positive 2,0.25,0.2675849621515736,-0.017584962151573624
10,positive 3,positive 3,0.2890625,0.21301262114446723,0.07604987885553277
10,positive 3,positive 4,0.203125,0.2605630112254162,-0.0574380112254162
10,positive 4,zero,0.007462686567164179,0.030900468865513432,-0.023437782298349252
10,positive 4,positive 1,0.03731343283582089,0.09693869827910577,-0.05962526544328488
10,positive 4,positive 2,0.19402985074626866,0.21418082573457387,-0.020150974988305204
10,positive 4,positive 3,0.22388059701492538,0.2149751849505429,0.008905412064382473
10,positive 4,positive 4,0.5373134328358209,0.443004822170264,0.0943086106655569
11,zero,zero,0.5,0.3798291000973436,0.12017089990265639
11,zero,positive 1,0.3541666666666667,0.2778917995774801,0.07627486708918657
11,zero,positive 2,0.10416666666666667,0.17884379603590608,-0.07467712936923941
11,zero,positive 3,0.03125,0.12076040961545731,-0.08951040961545731
11,zero,positive 4,0.010416666666666666,0.04267489467381285,-0.032258228007146186
11,positive 1,zero,0.21551724137931033,0.21533354149031458,0.00018369988899574752
11,positive 1,positive 1,0.35344827586206895,0.2659965030569903,0.08745177280507865
11,positive 1,positive 2,0.25,0.2109810787215729,0.0390189212784271
11,positive 1,positive 3,0.16379310344827586,0.187776301091994,-0.023983197643718146
11,positive 1,positive 4,0.017241379310344827,0.11991257563912817,-0.10267119632878335
11,positive 2,zero,0.16129032258064516,0.18730887372704838,-0.026018551146403224
11,positive 2,positive 1,0.22580645161290322,0.2576225840879657,-0.03181613247506246
11,positive 2,positive 2,0.28225806451612906,0.23031097193911904,0.05194709257701002
11,positive 2,positive 3,0.22580645161290322,0.19681447878979347,0.028991972823109752
11,positive 2,positive 4,0.10483870967741936,0.12794309145607335,-0.023104381778653996
11,positive 3,zero,0.07352941176470588,0.11105843846246262,-0.037529026697756734
11,positive 3,positive 1,0.15441176470588236,0.19651391560090128,-0.042102150895018925
11,positive 3,positive 2,0.20588235294117646,0.2065615208408198,-0.0006791678996433403
11,positive 3,positive 3,0.3382352941176471,0.24475162424199481,0.09348366987565226
11,positive 3,positive 4,0.22794117647058823,0.24111450085382144,-0.01317332438323321
11,positive 4,zero,0.008403361344537815,0.03552493785487061,-0.027121576510332798
11,positive 4,positive 1,0.025210084033613446,0.09072016754051015,-0.06551008350689672
11,positive 4,positive 2,0.1092436974789916,0.14038876549620422,-0.031145068017212618
11,positive 4,positive 3,0.25210084033613445,0.2935607855747824,-0.04145994523864793
11,positive 4,positive 4,0.6050420168067226,0.43980534353363265,0.16523667327309
12,zero,zero,0.47619047619047616,0.33253795004601966,0.1436525261444565
12,zero,positive 1,0.2976190476190476,0.31245163274800875,-0.014832585128961129
12,zero,positive 2,0.14285714285714285,0.1979244083978275,-0.05506726554068464
12,zero,positive 3,0.05952380952380952,0.10348365884508107,-0.043959849321271546
12,zero,positive 4,0.023809523809523808,0.053602349963063026,-0.029792826153539217
12,positive 1,zero,0.27419354838709675,0.2390639071715611,0.03512964121553566
12,positive 1,positive 1,0.3870967741935484,0.30421562984343653,0.08288114435011185
12,positive 1,positive 2,0.1935483870967742,0.22267511190415865,-0.029126724807384458
12,positive 1,positive 3,0.12096774193548387,0.1401886022759083,-0.019220860340424417
12,positive 1,positive 4,0.024193548387096774,0.09385674880493529,-0.06966320041783852
12,positive 2,zero,0.10135135135135136,0.1456468009824032,-0.04429544963105185
12,positive 2,positive 1,0.24324324324324326,0.2568706200787277,-0.013627376835484428
12,positive 2,positive 2,0.27702702702702703,0.2136215727220017,0.06340545430502534
12,positive 2,positive 3,0.21621621621621623,0.2078671631921929,0.008349053024023334
12,positive 2,positive 4,0.16216216216216217,0.17599384302467452,-0.013831680862512352
12,positive 3,zero,0.044642857142857144,0.09718169773461574,-0.0525388405917586
12,positive 3,positive 1,0.19642857142857142,0.2046648474653338,-0.008236276036762386
12,positive 3,positive 2,0.19642857142857142,0.2093826092924551,-0.012954037863883688
12,positive 3,positive 3,0.36607142857142855,0.24208349956174677,0.12398792900968178
12,positive 3,positive 4,0.19642857142857142,0.24668734594584854,-0.050258774517277116
12,positive 4,zero,0.0,0.032380577359253024,-0.032380577359253024
12,positive 4,positive 1,0.04065040650406504,0.09017894358383774,-0.0495285370797727
12,positive 4,positive 2,0.14634146341463414,0.1438682180069561,0.002473245407678043
12,positive 4,positive 3,0.21138211382113822,0.2849292184669949,-0.0735471046458567
12,positive 4,positive 4,0.6016260162601627,0.4486430425829582,0.15298297367720448
13,zero,zero,0.4326923076923077,0.28073287662456814,0.15195943106773957
13,zero,positive 1,0.2980769230769231,0.3329653913686839,-0.034888468291760844
13,zero,positive 2,0.18269230769230768,0.19656041605025915,-0.013868108357951464
13,zero,positive 3,0.038461538461538464,0.12451236147654747,-0.086050823015009
13,zero,positive 4,0.04807692307692308,0.06522895447994129,-0.017152031403018207
13,positive 1,zero,0.2204724409448819,0.2010587761563982,0.019413664788483692
13,positive 1,positive 1,0.4015748031496063,0.3131890128372444,0.08838579031236193
13,positive 1,positive 2,0.2440944881889764,0.2103400270306541,0.033754461158322285
13,positive 1,positive 3,0.11023622047244094,0.17331884757545774,-0.06308262710301679
13,positive 1,positive 4,0.023622047244094488,0.10209333640024562,-0.07847128915615113
13,positive 2,zero,0.0782608695652174,0.14278991178055223,-0.06452904221533483
13,positive 2,positive 1,0.26956521739130435,0.2736684382712026,-0.004103220879898228
13,positive 2,positive 2,0.25217391304347825,0.21040834727116495,0.0417655657723133
13,positive 2,positive 3,0.34782608695652173,0.21576744521191382,0.1320586417446079
13,positive 2,positive 4,0.05217391304347826,0.15736585746516638,-0.10519194442168811
13,positive 3,zero,0.031746031746031744,0.08679517285486056,-0.05504914110882882
13,positive 3,positive 1,0.16666666666666666,0.19432504243741502,-0.027658375770748367
13,positive 3,positive 2,0.16666666666666666,0.18473429747724998,-0.018067630810583324
13,positive 3,positive 3,0.36507936507936506,0.2615258892912805,0.10355347578808455
13,positive 3,positive 4,0.2698412698412698,0.2726195979391939,-0.0027783280979240543
13,positive 4,zero,0.0,0.03287634138408742,-0.03287634138408742
13,positive 4,positive 1,0.06722689075630252,0.09781318419348098,-0.03058629343717846
13,positive 4,positive 2,0.07563025210084033,0.12076514184506318,-0.04513488974422285
13,positive 4,positive 3,0.19327731092436976,0.2880143068427268,-0.09473699591835702
13,positive 4,positive 4,0.6638655462184874,0.4605310257346416,0.20333452048384576
14,zero,zero,0.40425531914893614,0.275525434249981,0.12872988489895515
14,zero,positive 1,0.3617021276595745,0.3330519159177287,0.028650211741845788
14,zero,positive 2,0.1276595744680851,0.19723133943387836,-0.06957176496579326
14,zero,positive 3,0.0851063829787234,0.12626365597178843,-0.04115727299306503
14,zero,positive 4,0.02127659574468085,0.06792765442662353,-0.04665105868194268
14,positive 1,zero,0.22794117647058823,0.20644575896174883,0.021495417508839404
14,positive 1,positive 1,0.34558823529411764,0.3109683439961435,0.03461989129797416
14,positive 1,positive 2,0.25,0.22662224108915968,0.02337775891084032
14,positive 1,positive 3,0.13970588235294118,0.1690304497664685,-0.02932456741352732
14,positive 1,positive 4,0.03676470588235294,0.08693320618647957,-0.050168500304126624
14,positive 2,zero,0.11965811965811966,0.1487193894225048,-0.029061269764385125
14,positive 2,positive 1,0.1794871794871795,0.24941941364825962,-0.06993223416108013
14,positive 2,positive 2,0.3247863247863248,0.2225835800225157,0.10220274476380911
14,positive 2,positive 3,0.26495726495726496,0.2119264263847195,0.05303083857254545
14,positive 2,positive 4,0.1111111111111111,0.1673511905220004,-0.05624007941088929
14,positive 3,zero,0.0,0.08385545279875925,-0.08385545279875925
14,positive 3,positive 1,0.24369747899159663,0.17019839798854688,0.07349908100304975
14,positive 3,positive 2,0.19327731092436976,0.19838063608928205,-0.005103325164912298
14,positive 3,positive 3,0.23529411764705882,0.2512875457410767,-0.01599342809401788
14,positive 3,positive 4,0.3277310924369748,0.2962779673823352,0.0314531250546396
14,positive 4,zero,0.016,0.029160148129748237,-0.013160148129748236
14,positive 4,positive 1,0.016,0.07972595490219633,-0.06372595490219633
14,positive 4,positive 2,0.072,0.13592043798264658,-0.06392043798264659
14,positive 4,positive 3,0.296,0.2675557227216949,0.028444277278305063
14,positive 4,positive 4,0.6,0.4876377362637139,0.1123622637362861
15,zero,zero,0.5232558139534884,0.3753964447198276,0.14785936923366083
15,zero,positive 1,0.23255813953488372,0.2571732270068308,-0.0246150874719471
15,zero,positive 2,0.18604651162790697,0.22778603737768682,-0.04173952574977985
15,zero,positive 3,0.03488372093023256,0.09860198479940455,-0.06371826386917198
15,zero,positive 4,0.023255813953488372,0.04104230609625025,-0.01778649214276188
15,positive 1,zero,0.323943661971831,0.2842219863903206,0.03972167558151041
15,positive 1,positive 1,0.30985915492957744,0.24942749713824938,0.06043165779132806
15,positive 1,positive 2,0.2112676056338028,0.24695689786647876,-0.035689292232675945
15,positive 1,positive 3,0.1056338028169014,0.14080349208947937,-0.035169689272577964
15,positive 1,positive 4,0.04929577464788732,0.07859012651547187,-0.02929435186758455
15,positive 2,zero,0.10091743119266056,0.18497617808430852,-0.08405874689164797
15,positive 2,positive 1,0.22018348623853212,0.21996700498962643,0.0002164812489056922
15,positive 2,positive 2,0.3577981651376147,0.2562888561759767,0.10150930896163801
15,positive 2,positive 3,0.24770642201834864,0.20210818376788925,0.04559823825045939
15,positive 2,positive 4,0.07339449541284404,0.13665977698219914,-0.0632652815693551
15,positive 3,zero,0.023622047244094488,0.08868495347238547,-0.06506290622829099
15,positive 3,positive 1,0.1889763779527559,0.16681690950599298,0.02215946844676292
15,positive 3,positive 2,0.25984251968503935,0.22911738346520966,0.030725136219829696
15,positive 3,positive 3,0.28346456692913385,0.2509937863593126,0.03247078056982128
15,positive 3,positive 4,0.2440944881889764,0.2643869671970993,-0.02029247900812292
15,positive 4,zero,0.015748031496062992,0.02307867074398992,-0.007330639247926929
15,positive 4,positive 1,0.015748031496062992,0.08899406954843103,-0.07324603805236804
15,positive 4,positive 2,0.11023622047244094,0.15991439578910133,-0.04967817531666038
15,positive 4,positive 3,0.2677165354330709,0.2568514215134844,0.0108651139195865
15,positive 4,positive 4,0.5905511811023622,0.4711614424049934,0.11938973869736874
16,zero,zero,0.4,0.31086118111838235,0.08913881888161768
16,zero,positive 1,0.4,0.3413713281777568,0.05862867182224324
16,zero,positive 2,0.1411764705882353,0.18703771442606368,-0.045861243837828386
16,zero,positive 3,0.047058823529411764,0.10455261942975692,-0.05749379590034516
16,zero,positive 4,0.011764705882352941,0.05617715684804036,-0.04441245096568742
16,positive 1,zero,0.2857142857142857,0.24716575836956825,0.03854852734471745
16,positive 1,positive 1,0.40601503759398494,0.3218480203063292,0.08416701728765574
16,positive 1,positive 2,0.20300751879699247,0.22649953052043786,-0.023492011723445394
16,positive 1,positive 3,0.06766917293233082,0.12622516796458336,-0.058555995032252534
16,positive 1,positive 4,0.03759398496240601,0.07826152283908125,-0.040667537876675236
16,positive 2,zero,0.1206896551724138,0.14551022961443305,-0.024820574442019253
16,positive 2,positive 1,0.27586206896551724,0.2769310072439914,-0.001068938278474152
16,positive 2,positive 2,0.3448275862068966,0.27097407677727814,0.07385350942961844
16,positive 2,positive 3,0.20689655172413793,0.17184619360320263,0.03505035812093529
16,positive 2,positive 4,0.05172413793103448,0.13473849276109479,-0.08301435483006031
16,positive 3,zero,0.008130081300813009,0.07026371446957753,-0.062133633168764524
16,positive 3,positive 1,0.13008130081300814,0.19875557975920755,-0.0686742789461994
16,positive 3,positive 2,0.2926829268292683,0.2491061936305491,0.043576733198719186
16,positive 3,positive 3,0.3089430894308943,0.2177908351300612,0.09115225430083312
16,positive 3,positive 4,0.2601626016260163,0.26408367701060464,-0.003921075384588357
16,positive 4,zero,0.007462686567164179,0.023747240498154125,-0.016284553930989945
16,positive 4,positive 1,0.05223880597014925,0.10900535263778627,-0.056766546667637016
16,positive 4,positive 2,0.11194029850746269,0.1634649402376459,-0.051524641730183215
16,positive 4,positive 3,0.23134328358208955,0.2507660360463585,-0.019422752464268944
16,positive 4,positive 4,0.5970149253731343,0.4530164305800552,0.14399849479307908
17,zero,zero,0.4672897196261682,0.3459216760622896,0.12136804356387865
17,zero,positive 1,0.38317757009345793,0.3601211326713457,0.02305643742211222
17,zero,positive 2,0.09345794392523364,0.17406460014010597,-0.08060665621487233
17,zero,positive 3,0.04672897196261682,0.09706483128989257,-0.05033585932727575
17,zero,positive 4,0.009345794392523364,0.022827759836366156,-0.013481965443842793
17,positive 1,zero,0.21052631578947367,0.22092754657543073,-0.01040123078595706
17,positive 1,positive 1,0.37719298245614036,0.32687177799616535,0.05032120445997501
17,positive 1,positive 2,0.2631578947368421,0.22361911614562416,0.03953877859121793
17,positive 1,positive 3,0.10526315789473684,0.16668356096392103,-0.0614204030691842
17,positive 1,positive 4,0.043859649122807015,0.06189799831885875,-0.018038349196051733
17,positive 2,zero,0.08333333333333333,0.1430784301738211,-0.059745096840487774
17,positive 2,positive 1,0.3484848484848485,0.29074286527946686,0.05774198320538165
17,positive 2,positive 2,0.3106060606060606,0.25142706663483516,0.059178993971225446
17,positive 2,positive 3,0.20454545454545456,0.21640650704724185,-0.01186105250178729
17,positive 2,positive 4,0.05303030303030303,0.0983451308646351,-0.04531482783433207
17,positive 3,zero,0.06956521739130435,0.07806216594276613,-0.008496948551461783
17,positive 3,positive 1,0.11304347826086956,0.20485034587524728,-0.09180686761437772
17,positive 3,positive 2,0.26956521739130435,0.21774253690949028,0.05182268048181407
17,positive 3,positive 3,0.3565217391304348,0.23941646355444018,0.1171052755759946
17,positive 3,positive 4,0.19130434782608696,0.2599284877180561,-0.06862413989196914
17,positive 4,zero,0.0,0.023879174677832696,-0.023879174677832696
17,positive 4,positive 1,0.056910569105691054,0.09973827739886258,-0.04282770829317153
17,positive 4,positive 2,0.08130081300813008,0.15978653661803166,-0.07848572360990158
17,positive 4,positive 3,0.25203252032520324,0.24807792571624349,0.0039545946089597495
17,positive 4,positive 4,0.6097560975609756,0.4685180855890295,0.14123801197194608
18,zero,zero,0.48863636363636365,0.3670658669151074,0.12157049672125625
18,zero,positive 1,0.375,0.3872297764751584,-0.012229776475158383
18,zero,positive 2,0.09090909090909091,0.15822221743318043,-0.06731312652408952
18,zero,positive 3,0.03409090909090909,0.07107940351010976,-0.03698849441920067
18,zero,positive 4,0.011363636363636364,0.016402735666443978,-0.005039099302807614
18,positive 1,zero,0.25874125874125875,0.24569288203727196,0.013048376703986786
18,positive 1,positive 1,0.4195804195804196,0.3601541106820693,0.059426308898350266
18,positive 1,positive 2,0.1888111888111888,0.20348027397744836,-0.01466908516625956
18,positive 1,positive 3,0.0979020979020979,0.13757433179892975,-0.039672233896831846
18,positive 1,positive 4,0.03496503496503497,0.05309840150428054,-0.01813336653924557
18,positive 2,zero,0.06923076923076923,0.1346102876438769,-0.06537951841310766
18,positive 2,positive 1,0.3384615384615385,0.3243228224634341,0.0141387159981044
18,positive 2,positive 2,0.3,0.23250036710555685,0.06749963289444313
18,positive 2,positive 3,0.24615384615384617,0.2051600929629522,0.04099375319089396
18,positive 2,positive 4,0.046153846153846156,0.10340642982417997,-0.05725258367033381
18,positive 3,zero,0.04716981132075472,0.06446427971370969,-0.017294468392954968
18,positive 3,positive 1,0.1792452830188679,0.22867100029421328,-0.049425717275345366
18,positive 3,positive 2,0.2358490566037736,0.20906320316352842,0.026785853440245172
18,positive 3,positive 3,0.330188679245283,0.24836348375724016,0.08182519548804285
18,positive 3,positive 4,0.20754716981132076,0.24943803307130846,-0.0418908632599877
18,positive 4,zero,0.0,0.017996536586963166,-0.017996536586963166
18,positive 4,positive 1,0.06451612903225806,0.09694071686465403,-0.03242458783239596
18,positive 4,positive 2,0.08064516129032258,0.1096211163552307,-0.028975955064908118
18,positive 4,positive 3,0.20967741935483872,0.2506011425839688,-0.0409237232291301
18,positive 4,positive 4,0.6451612903225806,0.5248404876091832,0.1203208027133974
