q_bin,dropout_count,dropout_probability,n,q_mean,low,high,model,stage
0,129,0.02900832021587587,4447,2.4300212508158925,0.024467462901797757,0.034362220005812336,AR(1)-S,0
1,2,0.0071174377224199285,281,2.848328420306329,0.0019539921698455056,0.02557569450513455,AR(1)-S,0
2,3,0.008522727272727272,352,3.1287845687907616,0.002902593571266378,0.02475465617131571,AR(1)-S,0
3,3,0.0026905829596412557,1115,3.868114139050224,0.000915437156645907,0.007880803526575025,AR(1)-S,0
4,1,0.0019047619047619048,525,4.863211613113483,0.0003363077631967108,0.010709721898615066,AR(1)-S,0
5,5,0.00931098696461825,537,5.5796816031915535,0.003983410097006547,0.021609295789522892,AR(1)-S,0
6,5,0.006896551724137931,725,6.571884245911672,0.002949243621251262,0.016041988492832233,AR(1)-S,0
7,2,0.0029542097488921715,677,8.459836212693382,0.0008105080919936572,0.01070700200139664,AR(1)-S,0
8,1,0.001564945226917058,639,10.488037070714054,0.00027629758693941634,0.008810855453560761,AR(1)-S,0
9,0,0.0,702,17.64924353160646,0.0,0.005442580885003094,AR(1)-S,0
0,11,0.25,44,2.4300212508158925,0.14574066080685744,0.39440849808414946,Empirical,0
1,3,0.08333333333333333,36,2.848328420306329,0.0287480892712918,0.21827010276918848,Empirical,0
2,13,0.41935483870967744,31,3.1287845687907616,0.26415303073549257,0.5923403564797902,Empirical,0
3,9,0.23076923076923078,39,3.868114139050224,0.1264566242878376,0.38336560457382957,Empirical,0
4,4,0.11428571428571428,35,4.863211613113483,0.0453510585448975,0.2595179478812023,Empirical,0
5,4,0.11764705882352941,34,5.5796816031915535,0.04671370973436122,0.26621174796298774,Empirical,0
6,4,0.10526315789473684,38,6.571884245911672,0.041701897932665793,0.24130831200194466,Empirical,0
7,3,0.08333333333333333,36,8.459836212693382,0.0287480892712918,0.21827010276918848,Empirical,0
8,4,0.12121212121212122,33,10.488037070714054,0.04816083267584231,0.2732584325026516,Empirical,0
9,2,0.05405405405405406,37,17.64924353160646,0.01495066277053994,0.1770496506353991,Empirical,0
0,583,0.13362365344946137,4363,2.4300212508158925,0.12384904726911786,0.14404287718264144,GRW-Y,0
1,7,0.022508038585209004,311,2.848328420306329,0.01094461513188726,0.0457238810261808,GRW-Y,0
2,6,0.016901408450704224,355,3.1287845687907616,0.007768395322384731,0.03637810274249961,GRW-Y,0
3,14,0.012269938650306749,1141,3.868114139050224,0.0073227848418172216,0.02049032048209833,GRW-Y,0
4,1,0.002105263157894737,475,4.863211613113483,0.0003717177955287615,0.011827723522852931,GRW-Y,0
5,5,0.00931098696461825,537,5.5796816031915535,0.003983410097006547,0.021609295789522892,GRW-Y,0
6,2,0.002652519893899204,754,6.571884245911672,0.000727703032265074,0.009619577982659415,GRW-Y,0
7,0,0.0,723,8.459836212693382,0.0,0.005285333145488645,GRW-Y,0
8,1,0.0014970059880239522,668,10.488037070714054,0.0002643004119871435,0.008430606244581904,GRW-Y,0
9,0,0.0,673,17.64924353160646,0.0,0.005675774065896658,GRW-Y,0
0,335,0.16082573211713874,2083,2.4300212508158925,0.14567560571429983,0.1772246086575049,Hurdle-AR(1)-S,0
1,24,0.16,150,2.848328420306329,0.10993931727556672,0.22704105734352203,Hurdle-AR(1)-S,0
2,29,0.1407766990291262,206,3.1287845687907616,0.09983826328827125,0.19486783883828515,Hurdle-AR(1)-S,0
3,89,0.14662273476112025,607,3.868114139050224,0.12070529402414087,0.17698497461506113,Hurdle-AR(1)-S,0
4,43,0.14776632302405499,291,4.863211613113483,0.11158967081602644,0.1931217403281269,Hurdle-AR(1)-S,0
5,40,0.12944983818770225,309,5.5796816031915535,0.09652295008970618,0.17147721357139262,Hurdle-AR(1)-S,0
6,83,0.17364016736401675,478,6.571884245911672,0.1423190978091207,0.21016520408594194,Hurdle-AR(1)-S,0
7,88,0.16356877323420074,538,8.459836212693382,0.134718053347131,0.19719001720337676,Hurdle-AR(1)-S,0
8,87,0.15452930728241562,563,10.488037070714054,0.12702229463232229,0.18671896924104203,Hurdle-AR(1)-S,0
9,141,0.15096359743040685,934,17.64924353160646,0.12943530730233638,0.17535134323651796,Hurdle-AR(1)-S,0
0,1063,0.33543704638687283,3169,2.4300212508158925,0.3192063017994303,0.35206628867593415,Hurdle-AR(1)-S-P,0
1,23,0.10267857142857142,224,2.848328420306329,0.06939820346393605,0.14935728280371655,Hurdle-AR(1)-S-P,0
2,33,0.12643678160919541,261,3.1287845687907616,0.09146387581391452,0.17224696115429594,Hurdle-AR(1)-S-P,0
3,82,0.09080841638981174,903,3.868114139050224,0.07375998678996015,0.11132371470763325,Hurdle-AR(1)-S-P,0
4,30,0.07853403141361257,382,4.863211613113483,0.05556197122273957,0.10989867376732892,Hurdle-AR(1)-S-P,0
5,28,0.0603448275862069,464,5.5796816031915535,0.04207707449214078,0.08583288477612437,Hurdle-AR(1)-S-P,0
6,29,0.04817275747508306,602,6.571884245911672,0.033747489799391794,0.06832803621268793,Hurdle-AR(1)-S-P,0
7,19,0.028064992614475627,677,8.459836212693382,0.018039222990594433,0.04341648124369442,Hurdle-AR(1)-S-P,0
8,18,0.029556650246305417,609,10.488037070714054,0.018776230726604705,0.04623502177322559,Hurdle-AR(1)-S-P,0
9,12,0.01380897583429229,869,17.64924353160646,0.00791660806766989,0.023981046672892428,Hurdle-AR(1)-S-P,0
0,192,0.24774193548387097,775,2.4300212508158925,0.21864167894034037,0.2793306943894868,SE-Hurdle-S,0
1,167,0.2864493996569468,583,2.848328420306329,0.25124163573179203,0.3244530662116284,SE-Hurdle-S,0
2,118,0.2260536398467433,522,3.1287845687907616,0.19224788358622832,0.2638620932585097,SE-Hurdle-S,0
3,138,0.21263482280431434,649,3.868114139050224,0.18289273276386475,0.24575887277107666,SE-Hurdle-S,0
4,82,0.13851351351351351,592,4.863211613113483,0.11300930491515798,0.16867898271027804,SE-Hurdle-S,0
5,75,0.12931034482758622,580,5.5796816031915535,0.10442232296234505,0.15907654385358588,SE-Hurdle-S,0
6,100,0.15408320493066255,649,6.571884245911672,0.12834951700781774,0.18388793844845217,SE-Hurdle-S,0
7,57,0.09628378378378379,592,8.459836212693382,0.07505855251636842,0.12271481543914192,SE-Hurdle-S,0
8,44,0.0842911877394636,522,10.488037070714054,0.06338834700174761,0.11126805142698076,SE-Hurdle-S,0
9,37,0.05910543130990415,626,17.64924353160646,0.043182053282723204,0.08040711580359944,SE-Hurdle-S,0
0,230,0.019935858542081998,11537,2.301768747884825,0.017540410012987572,0.022650904977420065,AR(1)-S,1-4
1,9,0.003746877601998335,2402,2.8341092997651485,0.001972490742108365,0.007106078686568901,AR(1)-S,1-4
2,18,0.003598560575769692,5002,3.8401106664998856,0.002277510447781664,0.005681510868434174,AR(1)-S,1-4
3,5,0.0015610365282547611,3203,5.100492670665636,0.0006669502285173707,0.003649321582350993,AR(1)-S,1-4
4,6,0.0019386106623586429,3095,6.359314130863995,0.0008887639668811698,0.004223339859271158,AR(1)-S,1-4
5,2,0.0008041817450743868,2487,7.765706777014453,0.00022055873229839102,0.0029276141583422658,AR(1)-S,1-4
6,0,0.0,2328,9.229925747711142,0.0,0.0016474532403916288,AR(1)-S,1-4
7,0,0.0,2428,11.390046843659675,0.0,0.0015797081520441134,AR(1)-S,1-4
8,0,0.0,2552,14.439485826507255,0.0,0.0015030665437169503,AR(1)-S,1-4
9,1,0.0002188662727073758,4569,23.009377096803295,3.863532236064607e-05,0.0012388198162560072,AR(1)-S,1-4
0,38,0.18181818181818182,209,2.301768747884825,0.1354269108330165,0.23969524573787948,Empirical,1-4
1,27,0.1656441717791411,163,2.8341092997651485,0.11640845090996538,0.2302772677597189,Empirical,1-4
2,39,0.20967741935483872,186,3.8401106664998856,0.15734710578165073,0.2737575625313008,Empirical,1-4
3,29,0.145,200,5.100492670665636,0.1028928513530641,0.20048781284894374,Empirical,1-4
4,21,0.11052631578947368,190,6.359314130863995,0.07343524071279467,0.16305475936974695,Empirical,1-4
5,21,0.11731843575418995,179,7.765706777014453,0.07802602846925169,0.1726915325234327,Empirical,1-4
6,22,0.12429378531073447,177,9.229925747711142,0.08353189755399171,0.18101785206114107,Empirical,1-4
7,6,0.03389830508474576,177,11.390046843659675,0.01562653206313348,0.07197278136917412,Empirical,1-4
8,5,0.027472527472527472,182,14.439485826507255,0.01179030844597875,0.06269032452317347,Empirical,1-4
9,2,0.010810810810810811,185,23.009377096803295,0.002969675963139271,0.03855507282102694,Empirical,1-4
0,1934,0.16682480807383765,11593,2.301768747884825,0.16014873472197738,0.1737216183920981,GRW-Y,1-4
1,24,0.017069701280227598,1406,2.8341092997651485,0.011497218331746831,0.025274004761684375,GRW-Y,1-4
2,41,0.014523556500177117,2823,3.8401106664998856,0.010723963786428412,0.01964264748743992,GRW-Y,1-4
3,16,0.008658008658008658,1848,5.100492670665636,0.005336289473349359,0.014018281673556511,GRW-Y,1-4
4,4,0.002197802197802198,1820,6.359314130863995,0.0008549902092591598,0.005637678890952175,GRW-Y,1-4
5,3,0.002117148906139732,1417,7.765706777014453,0.0007202641369661394,0.006206334859009203,GRW-Y,1-4
6,1,0.0006613756613756613,1512,9.229925747711142,0.00011675558255105477,0.003736945226293352,GRW-Y,1-4
7,1,0.0005963029218843172,1677,11.390046843659675,0.000105267156337695,0.0033701346899754846,GRW-Y,1-4
8,0,0.0,2111,14.439485826507255,0.0,0.0018164953819709236,GRW-Y,1-4
9,0,0.0,10696,23.009377096803295,0.0,0.0003590333524189741,GRW-Y,1-4
0,539,0.1074133120765245,5018,2.301768747884825,0.09914432556484909,0.11628293920590752,Hurdle-AR(1)-S,1-4
1,211,0.12267441860465116,1720,2.8341092997651485,0.10800557097353022,0.13902501466728506,Hurdle-AR(1)-S,1-4
2,496,0.11648661343353688,4258,3.8401106664998856,0.1071944295152789,0.1264701909624038,Hurdle-AR(1)-S,1-4
3,392,0.1141193595342067,3435,5.100492670665636,0.10391453444388545,0.1251863348721075,Hurdle-AR(1)-S,1-4
4,403,0.11842491918895093,3403,6.359314130863995,0.10799662124564065,0.1297137554269936,Hurdle-AR(1)-S,1-4
5,337,0.11837021426062522,2847,7.765706777014453,0.10701471486834253,0.13075423027403227,Hurdle-AR(1)-S,1-4
6,305,0.11062749365252085,2757,9.229925747711142,0.09945613700078933,0.12288244265550095,Hurdle-AR(1)-S,1-4
7,277,0.10600841944125526,2613,11.390046843659675,0.09477746687394994,0.11839615433415068,Hurdle-AR(1)-S,1-4
8,288,0.1122369446609509,2566,14.439485826507255,0.10059836348694254,0.125034842855425,Hurdle-AR(1)-S,1-4
9,336,0.11538461538461539,2912,23.009377096803295,0.10428382088494827,0.1274988658014616,Hurdle-AR(1)-S,1-4
0,1493,0.23926282051282052,6240,2.301768747884825,0.22883960470780418,0.2500068798026293,Hurdle-AR(1)-S-P,1-4
1,235,0.11965376782077393,1964,2.8341092997651485,0.10603700636603854,0.1347555452295777,Hurdle-AR(1)-S-P,1-4
2,428,0.08315523605984068,5147,3.8401106664998856,0.07591905553472698,0.09101319879823484,Hurdle-AR(1)-S-P,1-4
3,207,0.05573505654281099,3714,5.100492670665636,0.048805519026481926,0.06358270106336805,Hurdle-AR(1)-S-P,1-4
4,164,0.04339772426567875,3779,6.359314130863995,0.03735187114324332,0.05037096663034995,Hurdle-AR(1)-S-P,1-4
5,110,0.03761969904240766,2924,7.765706777014453,0.031307448811266826,0.04514532103803103,Hurdle-AR(1)-S-P,1-4
6,79,0.0284890010818608,2773,9.229925747711142,0.02291912641725416,0.03536349222401079,Hurdle-AR(1)-S-P,1-4
7,49,0.018441851712457658,2657,11.390046843659675,0.013977854751578839,0.024296351424391953,Hurdle-AR(1)-S-P,1-4
8,34,0.013556618819776715,2508,14.439485826507255,0.009717370028150485,0.018883796542225613,Hurdle-AR(1)-S-P,1-4
9,18,0.006419400855920114,2804,23.009377096803295,0.004064442726959265,0.01012496168958617,Hurdle-AR(1)-S-P,1-4
0,690,0.2616609783845279,2637,2.301768747884825,0.24523992351060464,0.27877545098213286,SE-Hurdle-S,1-4
1,336,0.20550458715596331,1635,2.8341092997651485,0.1866193498171192,0.22577047480046442,SE-Hurdle-S,1-4
2,818,0.17709460922277548,4619,3.8401106664998856,0.16635494900988,0.18837094079780883,SE-Hurdle-S,1-4
3,509,0.13537234042553192,3760,5.100492670665636,0.12480817269484454,0.14668082939280977,SE-Hurdle-S,1-4
4,433,0.11412756984712705,3794,6.359314130863995,0.10439762592044341,0.12463815061115285,SE-Hurdle-S,1-4
5,294,0.09147479775980087,3214,7.765706777014453,0.08198980893497285,0.10193521708246689,SE-Hurdle-S,1-4
6,243,0.0813525276196853,2987,9.229925747711142,0.07207792418850231,0.09170259832395705,SE-Hurdle-S,1-4
7,169,0.060078208318521155,2813,11.390046843659675,0.051882039201444706,0.06947430543646467,SE-Hurdle-S,1-4
8,95,0.035876132930513595,2648,14.439485826507255,0.029437960678307007,0.04365901464631268,SE-Hurdle-S,1-4
9,67,0.024695908588278657,2713,23.009377096803295,0.01949353319722484,0.031242439043482895,SE-Hurdle-S,1-4
0,228,0.031435268164897286,7253,1.9967827462382113,0.027660940748522662,0.03570568971506636,AR(1)-S,5-7
1,26,0.0071018847309478285,3661,2.6677592895199953,0.00485115728919976,0.010385954186504948,AR(1)-S,5-7
2,16,0.005747126436781609,2784,3.956574753864151,0.003540675376913902,0.009315722203206863,AR(1)-S,5-7
3,6,0.002442002442002442,2457,5.071887945687309,0.0011196420547038904,0.005317830393746266,AR(1)-S,5-7
4,2,0.0009315323707498836,2147,6.17130603859902,0.00025549160833177303,0.003390337075658717,AR(1)-S,5-7
5,5,0.002288329519450801,2185,7.7000910141924885,0.0009778069969988545,0.0053459032248828935,AR(1)-S,5-7
6,1,0.0006064281382656155,1649,9.371178815775814,0.00010705472532980824,0.003427222243497695,AR(1)-S,5-7
7,4,0.0021798365122615805,1835,11.242247075594246,0.0008479985783410885,0.005591707810724723,AR(1)-S,5-7
8,0,0.0,1848,14.595213116289328,0.0,0.002074475484296281,AR(1)-S,5-7
9,0,0.0,3904,24.205595642903997,0.0,0.0009830490570549224,AR(1)-S,5-7
0,34,0.2222222222222222,153,1.9967827462382113,0.16360628328727117,0.29444566211496903,Empirical,5-7
1,42,0.2781456953642384,151,2.6677592895199953,0.21285694664438737,0.3544427970937294,Empirical,5-7
2,19,0.12337662337662338,154,3.956574753864151,0.0804245832389233,0.18466142703973576,Empirical,5-7
3,18,0.11688311688311688,154,5.071887945687309,0.07522536588337418,0.17718971353802038,Empirical,5-7
4,15,0.11029411764705882,136,6.17130603859902,0.06798721903592,0.17401230042037907,Empirical,5-7
5,13,0.0783132530120482,166,7.7000910141924885,0.0463350111571394,0.1293675257949383,Empirical,5-7
6,4,0.030303030303030304,132,9.371178815775814,0.011845868852119364,0.07532624926191933,Empirical,5-7
7,8,0.05228758169934641,153,11.242247075594246,0.02672972900320813,0.09977752417452024,Empirical,5-7
8,2,0.013793103448275862,145,14.595213116289328,0.003790673072295709,0.048893522743927706,Empirical,5-7
9,0,0.0,150,24.205595642903997,0.0,0.02497113914571871,Empirical,5-7
0,1732,0.2238593770195166,7737,1.9967827462382113,0.21470959713484036,0.23328324126660685,GRW-Y,5-7
1,48,0.02745995423340961,1748,2.6677592895199953,0.02077368758115137,0.03621867976530278,GRW-Y,5-7
2,20,0.01662510390689942,1203,3.956574753864151,0.010787565361976843,0.025539985826182394,GRW-Y,5-7
3,5,0.004878048780487805,1025,5.071887945687309,0.0020853260212119447,0.01136825128359377,GRW-Y,5-7
4,2,0.002285714285714286,875,6.17130603859902,0.0006270361289061671,0.008295618419990929,GRW-Y,5-7
5,1,0.0010080645161290322,992,7.7000910141924885,0.00017796573087439918,0.005688027415023502,GRW-Y,5-7
6,1,0.0012406947890818859,806,9.371178815775814,0.00021904104391544691,0.006994221401481282,GRW-Y,5-7
7,0,0.0,930,11.242247075594246,0.0,0.004113759763968536,GRW-Y,5-7
8,1,0.0008841732979664014,1131,14.595213116289328,0.00015609133666042623,0.004991411187039796,GRW-Y,5-7
9,0,0.0,10135,24.205595642903997,2.710505431213761e-20,0.0003788993014744406,GRW-Y,5-7
0,292,0.10649161196207148,2742,1.9967827462382113,0.09549116458510305,0.1185931438469638,Hurdle-AR(1)-S,5-7
1,286,0.10081071554458935,2837,2.6677592895199953,0.0902657498002932,0.11243530892821879,Hurdle-AR(1)-S,5-7
2,268,0.09671598700830025,2771,3.956574753864151,0.08626253721029159,0.10828608134869211,Hurdle-AR(1)-S,5-7
3,271,0.10269041303524062,2639,5.071887945687309,0.09168025241875893,0.11485562169492233,Hurdle-AR(1)-S,5-7
4,281,0.10660091047040972,2636,6.17130603859902,0.09538694379224524,0.11895985640970627,Hurdle-AR(1)-S,5-7
5,278,0.10538286580742987,2638,7.7000910141924885,0.0942340046822103,0.1176793817978875,Hurdle-AR(1)-S,5-7
6,214,0.10239234449760766,2090,9.371178815775814,0.09011579150247274,0.11612788996798808,Hurdle-AR(1)-S,5-7
7,197,0.09036697247706423,2180,11.242247075594246,0.07904103221303165,0.1031340852497001,Hurdle-AR(1)-S,5-7
8,226,0.1164348274085523,1941,14.595213116289328,0.10291710945819135,0.13146783993820169,Hurdle-AR(1)-S,5-7
9,264,0.10038022813688213,2630,24.205595642903997,0.08947166167125607,0.11245452857496073,Hurdle-AR(1)-S,5-7
0,879,0.2781645569620253,3160,1.9967827462382113,0.2628174280817257,0.2940503999410172,Hurdle-AR(1)-S-P,5-7
1,439,0.1384858044164038,3170,2.6677592895199953,0.12689838097839565,0.15094837734753971,Hurdle-AR(1)-S-P,5-7
2,307,0.0983974358974359,3120,3.956574753864151,0.08843458206543858,0.1093480455812385,Hurdle-AR(1)-S-P,5-7
3,228,0.07676767676767676,2970,5.071887945687309,0.06773034423783067,0.08689846988596128,Hurdle-AR(1)-S-P,5-7
4,147,0.05364963503649635,2740,6.17130603859902,0.045820300625012376,0.0627288226188367,Hurdle-AR(1)-S-P,5-7
5,107,0.038698010849909585,2765,7.7000910141924885,0.032125339369358887,0.04655073946447546,Hurdle-AR(1)-S-P,5-7
6,65,0.03209876543209877,2025,9.371178815775814,0.025263798330308406,0.04070566917272387,Hurdle-AR(1)-S-P,5-7
7,64,0.028144239226033423,2274,11.242247075594246,0.022101687134677354,0.0357783691431604,Hurdle-AR(1)-S-P,5-7
8,27,0.013817809621289662,1954,14.595213116289328,0.009513623643659881,0.020029930850227674,Hurdle-AR(1)-S-P,5-7
9,21,0.00798175598631699,2631,24.205595642903997,0.0052264935976329115,0.012171743928296543,Hurdle-AR(1)-S-P,5-7
0,618,0.3654642223536369,1691,1.9967827462382113,0.34284041484926375,0.3886979188805668,SE-Hurdle-S,5-7
1,656,0.231311706629055,2836,2.6677592895199953,0.21616194668483993,0.24718840356004693,SE-Hurdle-S,5-7
2,478,0.15949282615949284,2997,3.956574753864151,0.14682134760208188,0.1730361217158588,SE-Hurdle-S,5-7
3,346,0.12410329985652797,2788,5.071887945687309,0.11237953871277247,0.13686153570921478,SE-Hurdle-S,5-7
4,244,0.0866785079928952,2815,6.17130603859902,0.07683957638728098,0.09764401289989288,SE-Hurdle-S,5-7
5,191,0.0652991452991453,2925,7.7000910141924885,0.056903742060784517,0.07483489481189579,SE-Hurdle-S,5-7
6,97,0.04470046082949309,2170,9.371178815775814,0.03678091942734381,0.05422920752946851,SE-Hurdle-S,5-7
7,78,0.033942558746736295,2298,11.242247075594246,0.027281972929009853,0.042158773992932996,SE-Hurdle-S,5-7
8,57,0.027750730282375853,2054,14.595213116289328,0.021480761574180055,0.03578389864067807,SE-Hurdle-S,5-7
9,34,0.012967200610221205,2622,24.205595642903997,0.009294220604653453,0.018065236264336662,SE-Hurdle-S,5-7
0,1960,0.061596480201131364,31820,1.5617904540608225,0.059007360139623176,0.06429144361007874,AR(1)-S,8-20
1,201,0.01384965203610556,14513,2.2673973433356145,0.012072827904287788,0.0158837766507967,AR(1)-S,8-20
2,75,0.006275100401606426,11952,3.3535602416470636,0.005009381344204992,0.007858102614431596,AR(1)-S,8-20
3,46,0.004527113473083358,10161,4.373465972681332,0.003395940080591999,0.006032795139443305,AR(1)-S,8-20
4,16,0.001941747572815534,8240,5.604808397378332,0.0011955988060294675,0.0031520829834896327,AR(1)-S,8-20
5,11,0.0014124293785310734,7788,7.034201083773929,0.0007888734624711727,0.0025276210617501613,AR(1)-S,8-20
6,10,0.0014186409419775854,7049,8.70730611898493,0.0007707712809902118,0.0026096534261235847,AR(1)-S,8-20
7,4,0.0006167129201356768,6486,10.940979673526686,0.00023984904612033963,0.0015847871668806062,AR(1)-S,8-20
8,3,0.0004148230088495575,7232,14.385267889370075,0.00014108450676081504,0.0012190337136269833,AR(1)-S,8-20
9,0,0.0,12001,24.47615869199577,0.0,0.0003200042222964441,AR(1)-S,8-20
0,167,0.25771604938271603,648,1.5617904540608225,0.22553667592422938,0.2927512026033147,Empirical,8-20
1,142,0.24912280701754386,570,2.2673973433356145,0.21537486745911488,0.286229756534684,Empirical,8-20
2,90,0.1559792027729636,577,3.3535602416470636,0.12865909189277705,0.18784991848113555,Empirical,8-20
3,80,0.13377926421404682,598,4.373465972681332,0.10881943726092913,0.16341431992700867,Empirical,8-20
4,50,0.08103727714748785,617,5.604808397378332,0.06200743941383746,0.10525197103803949,Empirical,8-20
5,31,0.05299145299145299,585,7.034201083773929,0.03758014051592032,0.0742353290432956,Empirical,8-20
6,16,0.026143790849673203,612,8.70730611898493,0.01615527754891151,0.04204410359065425,Empirical,8-20
7,4,0.00676818950930626,591,10.940979673526686,0.002635029988787705,0.01727211840164094,Empirical,8-20
8,4,0.006802721088435374,588,14.385267889370075,0.002648489729731701,0.01735956647990277,Empirical,8-20
9,1,0.0016750418760469012,597,24.47615869199577,0.00029573963339936827,0.009426623132427765,Empirical,8-20
0,6406,0.2299106341743531,27863,1.5617904540608225,0.22500732519256136,0.23488840981603035,GRW-Y,8-20
1,227,0.034874788754032875,6509,2.2673973433356145,0.03068497883055238,0.03961330694381683,GRW-Y,8-20
2,82,0.016782644289807615,4886,3.3535602416470636,0.01354180857006929,0.020782738875393978,GRW-Y,8-20
3,22,0.00582010582010582,3780,4.373465972681332,0.003846696328510624,0.008796961904962998,GRW-Y,8-20
4,14,0.004282655246252677,3269,5.604808397378332,0.0025528232167285948,0.007176214693324858,GRW-Y,8-20
5,9,0.002705139765554554,3327,7.034201083773929,0.001423839764466095,0.005133542009557623,GRW-Y,8-20
6,4,0.0012718600953895071,3145,8.70730611898493,0.0004947012436252757,0.0032659198050803808,GRW-Y,8-20
7,1,0.000297000297000297,3367,10.940979673526686,5.2428420592383275e-05,0.001680551260208993,GRW-Y,8-20
8,3,0.0006685981724983285,4487,14.385267889370075,0.00022740506589931527,0.0019640772611549274,GRW-Y,8-20
9,0,0.0,45215,24.47615869199577,0.0,8.495573668123332e-05,GRW-Y,8-20
0,1174,0.09353091140854047,12552,1.5617904540608225,0.08856059798341888,0.09874995235037952,Hurdle-AR(1)-S,8-20
1,1109,0.09489176007529734,11687,2.2673973433356145,0.08971072601065866,0.10033903054407906,Hurdle-AR(1)-S,8-20
2,1198,0.0973667100130039,12304,3.3535602416470636,0.09225335069508926,0.1027314141397133,Hurdle-AR(1)-S,8-20
3,1107,0.09604372722540344,11526,4.373465972681332,0.0907982426004838,0.10155839827479068,Hurdle-AR(1)-S,8-20
4,1041,0.10105814969420444,10301,5.604808397378332,0.09538545718304077,0.10702828976868335,Hurdle-AR(1)-S,8-20
5,976,0.09865561508137066,9893,7.034201083773929,0.09293425398292389,0.10468855125627484,Hurdle-AR(1)-S,8-20
6,879,0.09977298524404087,8810,8.70730611898493,0.09368814381288758,0.10620671247769971,Hurdle-AR(1)-S,8-20
7,805,0.10178277911240359,7909,10.940979673526686,0.09531110462720398,0.108641114004343,Hurdle-AR(1)-S,8-20
8,779,0.09744808606454841,7994,14.385267889370075,0.09113888149996915,0.1041440058230306,Hurdle-AR(1)-S,8-20
9,800,0.09502316189571208,8419,24.47615869199577,0.08894246576250689,0.1014732723180953,Hurdle-AR(1)-S,8-20
0,3836,0.3294683500815941,11643,1.5617904540608225,0.3209881364225892,0.33806106022828647,Hurdle-AR(1)-S-P,8-20
1,2017,0.1669701986754967,12080,2.2673973433356145,0.16042551084108997,0.1737266349467198,Hurdle-AR(1)-S-P,8-20
2,1402,0.11207034372501998,12510,3.3535602416470636,0.10666107540859597,0.11771779158936889,Hurdle-AR(1)-S-P,8-20
3,1009,0.08569729913368439,11774,4.373465972681332,0.08077527072032771,0.09088959527685124,Hurdle-AR(1)-S-P,8-20
4,662,0.06331293037490436,10456,5.604808397378332,0.05880356677250049,0.06814305926436034,Hurdle-AR(1)-S-P,8-20
5,477,0.04660023446658851,10236,7.034201083773929,0.042684151506553365,0.0508565142006193,Hurdle-AR(1)-S-P,8-20
6,313,0.034555089423713846,9058,8.70730611898493,0.03098654276704812,0.038518269588091715,Hurdle-AR(1)-S-P,8-20
7,218,0.027067295753662776,8054,10.940979673526686,0.02374227997675984,0.030843255683310717,Hurdle-AR(1)-S-P,8-20
8,133,0.016577340147077152,8023,14.385267889370075,0.01400587869492979,0.01961152818151835,Hurdle-AR(1)-S-P,8-20
9,68,0.008334354700330922,8159,24.47615869199577,0.006580001439690583,0.010551483752916853,Hurdle-AR(1)-S-P,8-20
0,2734,0.39394812680115276,6940,1.5617904540608225,0.3825137236172828,0.4054998739279148,SE-Hurdle-S,8-20
1,2521,0.2309877221916804,10914,2.2673973433356145,0.2231759579204687,0.2389887981609897,SE-Hurdle-S,8-20
2,1842,0.14889661304664134,12371,3.3535602416470636,0.14273246250731741,0.15527875405645664,SE-Hurdle-S,8-20
3,1080,0.09050532137769211,11933,4.373465972681332,0.08548848822246732,0.09578572756339013,SE-Hurdle-S,8-20
4,714,0.0659950087808485,10819,5.604808397378332,0.06146900499941349,0.07082911530200531,SE-Hurdle-S,8-20
5,452,0.04234192037470726,10675,7.034201083773929,0.03868370465996457,0.046329411369399526,SE-Hurdle-S,8-20
6,290,0.030274558930994885,9579,8.70730611898493,0.02702708294825147,0.033898644969446765,SE-Hurdle-S,8-20
7,181,0.021294117647058824,8500,10.940979673526686,0.018434414554856494,0.024586330328256103,SE-Hurdle-S,8-20
8,114,0.01298849265124758,8777,14.385267889370075,0.010823738820233061,0.015579379532340343,SE-Hurdle-S,8-20
9,53,0.005503634475597092,9630,24.47615869199577,0.004210371264252935,0.00719126938551652,SE-Hurdle-S,8-20
