prior_quantile,n,q_prev_mean,q_next_mean,q_next_median,zero_fraction,q10,q90,model,condition
1,318,0.0,1.2918033338753465,0.0,0.6477987421383647,0.0,4.11941731857476,Empirical,q_t = 0
2,317,0.0,1.4437917453638907,0.0,0.637223974763407,0.0,3.811036551090419,Empirical,q_t = 0
3,317,0.05191208559409449,1.8759550004403232,0.0,0.5331230283911672,0.0,5.828728802528235,Empirical,q_t = 0
4,317,1.9070110983140316,2.1460605655867315,1.6127345025966606,0.4037854889589905,0.0,5.616422717971784,Empirical,q_t = 0
5,317,3.345819689004793,3.1479701347893307,2.524241630437853,0.3217665615141956,0.0,7.655431083205675,Empirical,q_t = 0
6,318,7.1531945337972305,4.177544671066388,3.3456189356921056,0.25471698113207547,0.0,9.68719109597039,Empirical,q_t = 0
1,156,0.0,3.563990712987587,2.9530990205622967,0.27564102564102566,0.0,8.009296855815247,Empirical,4 ≤ q_t < 6
2,155,1.0322899330095774,4.080597840883852,3.2254690051933212,0.17419354838709677,0.0,8.554755637703133,Empirical,4 ≤ q_t < 6
3,155,2.342896869737459,4.678586851773502,4.418594194898812,0.12258064516129032,0.0,9.072161002278282,Empirical,4 ≤ q_t < 6
4,155,3.2205861657405914,4.729483380966082,4.353094199477136,0.1032258064516129,0.4630756362917859,9.20868312201525,Empirical,4 ≤ q_t < 6
5,155,4.400512770146274,4.972544910140736,4.235291162166948,0.14838709677419354,0.0,10.13887695604373,Empirical,4 ≤ q_t < 6
6,155,5.327571670160999,5.657271938748527,5.048483260875706,0.09032258064516129,1.312838135644996,10.735853945740804,Empirical,4 ≤ q_t < 6
7,155,6.392402381097771,6.162418489250777,5.411175082295543,0.07096774193548387,1.6728094678460528,12.07602849368972,Empirical,4 ≤ q_t < 6
8,155,7.982555135758701,6.085185739921174,5.426342799856521,0.05806451612903226,1.7363789006703432,12.059797255090196,Empirical,4 ≤ q_t < 6
9,155,9.847801234369157,6.673695159046103,5.804125599302847,0.04516129032258064,1.905507242890043,12.20167835299302,Empirical,4 ≤ q_t < 6
10,156,14.80751454252463,8.715480002759108,7.934427459986176,0.038461538461538464,2.4248065875715636,16.150416468547764,Empirical,4 ≤ q_t < 6
1,87,0.9659672772052589,6.206760590656143,5.610385047889666,0.08045977011494253,1.648779481746296,11.92842319485058,Empirical,9 ≤ q_t < 11
2,87,3.2163997009732324,6.5984125802952205,6.1309007630139,0.06896551724137931,1.8037250274318477,12.623154968122732,Empirical,9 ≤ q_t < 11
3,87,4.909802646059966,7.027602387015299,6.223592296835065,0.04597701149425287,1.7474550743024984,12.770623790080657,Empirical,9 ≤ q_t < 11
4,87,6.235500329976994,7.576401613796776,7.389308745415154,0.05747126436781609,2.294956376533763,12.799358154586326,Empirical,9 ≤ q_t < 11
5,87,7.591268002460517,8.711883353549451,8.063672512983302,0.022988505747126436,2.767264925291117,15.530011851700742,Empirical,9 ≤ q_t < 11
6,87,8.863293917354477,8.801706452427345,7.877028813869977,0.0,2.8265062397621583,15.284135168781924,Empirical,9 ≤ q_t < 11
7,87,10.307099084974496,9.321987229515896,7.80411398271051,0.0,3.233551514018043,15.60822796542102,Empirical,9 ≤ q_t < 11
8,87,11.857868879689637,10.193542597252733,10.096966521751412,0.022988505747126436,3.297558963492592,17.205088177194387,Empirical,9 ≤ q_t < 11
9,87,13.950469468857442,11.286600583271271,10.502705085159969,0.011494252873563218,4.740113223341392,20.57650834646944,Empirical,9 ≤ q_t < 11
10,87,19.74509891889224,12.468842070792267,12.016540965892675,0.0,4.804353125996541,21.187771483173528,Empirical,9 ≤ q_t < 11
1,3141,0.6839489828375727,5.783942467718543,4.708127964131432,0.0,1.2941857630117037,11.43296284555976,ARW4,4 ≤ q_t < 6
2,3140,1.917427895891755,5.734662917571152,4.698729390592805,0.0,1.3720027667605015,11.461086273374224,ARW4,4 ≤ q_t < 6
3,3140,2.9875607540010303,5.512508560378819,4.472272311524252,0.0,1.2227542862757412,11.062928653171987,ARW4,4 ≤ q_t < 6
4,3141,3.967199353186772,5.619196435310474,4.594251323657285,0.0,1.3195944042897372,11.095493312913307,ARW4,4 ≤ q_t < 6
5,3140,4.85946031594416,5.554327095514933,4.680360123152882,0.0,1.3342437063073784,10.892490545344826,ARW4,4 ≤ q_t < 6
6,3140,5.7205314632447095,5.537850240298204,4.557463021291735,0.0,1.366864728632496,10.733781938623904,ARW4,4 ≤ q_t < 6
7,3141,6.59486552148361,5.733337543646995,4.681652588469227,0.0,1.4568342081534684,11.36593713207754,ARW4,4 ≤ q_t < 6
8,3140,7.626433404474948,5.730223041936541,4.680315362529374,0.0,1.4807696152228103,11.254603211801726,ARW4,4 ≤ q_t < 6
9,3140,9.046890181794982,5.552235720852951,4.644084332515572,0.0,1.3732391771099934,10.752356610787562,ARW4,4 ≤ q_t < 6
10,3141,12.611983584229609,5.714500905686558,4.76232471785084,0.0,1.4167216576828272,11.09085467838278,ARW4,4 ≤ q_t < 6
1,1765,1.253728725101616,8.608639714811488,8.026056543904522,0.0,3.2377669320418994,14.518109213812714,ARW4,9 ≤ q_t < 11
2,1765,3.3940154741289277,8.585072989623262,8.051293323672509,0.0,3.1606454684950007,14.270276104041795,ARW4,9 ≤ q_t < 11
3,1764,5.210047019435953,8.636971547856335,7.987907356874876,0.0,3.4222621912112117,14.367040785251254,ARW4,9 ≤ q_t < 11
4,1765,6.812437620287735,8.553372998485141,7.966754183782416,0.0,3.172961456606344,14.757815209936552,ARW4,9 ≤ q_t < 11
5,1765,8.283201721698866,8.473759599662868,7.807996710757678,0.0,3.1319068073115433,14.543058342189132,ARW4,9 ≤ q_t < 11
6,1764,9.691115567911277,8.514267516258863,7.915676373639056,0.0,3.3258636784934894,14.303345886192025,ARW4,9 ≤ q_t < 11
7,1765,11.031545519505327,8.609130831144473,7.953013062754029,0.0,3.2860091001146094,14.433888369033205,ARW4,9 ≤ q_t < 11
8,1764,12.301593185569624,8.748518386519454,8.112373001014067,0.0,3.1372525564650005,14.99597892140041,ARW4,9 ≤ q_t < 11
9,1765,13.801007557728822,8.706040155643272,8.033886424304452,0.0,3.310129228095414,14.484504449878337,ARW4,9 ≤ q_t < 11
10,1765,17.351675446956435,8.45925462478816,7.832503996573296,0.0,3.3037171064479978,14.240856599887401,ARW4,9 ≤ q_t < 11
1,5329,0.0,2.440717160821379,0.42109328710083616,0.44830174516794896,0.0,7.535228007360719,Hurdle-AR(1)-S,q_t = 0
2,5328,0.0,2.391525933413055,0.256406906299937,0.4677177177177177,0.0,7.642979831304312,Hurdle-AR(1)-S,q_t = 0
3,5329,0.003177859286194123,2.4342570661012144,0.255587586446485,0.47100769375117285,0.0,7.648198520076548,Hurdle-AR(1)-S,q_t = 0
4,5328,2.32636842103377,2.2653279362511825,0.3256711604738427,0.46114864864864863,0.0,7.050487776856206,Hurdle-AR(1)-S,q_t = 0
5,5329,5.793257223128435,2.354942585543414,0.25303134657332965,0.4696941264777632,0.0,7.212918876725853,Hurdle-AR(1)-S,q_t = 0
6,5329,15.089465125403377,2.439652251868256,0.3246555018408264,0.46237568024019515,0.0,7.499621800943478,Hurdle-AR(1)-S,q_t = 0
1,2932,0.06414168811569894,6.415328772363912,5.230081141822428,0.10641200545702592,0.0,12.875518841384794,Hurdle-AR(1)-S,4 ≤ q_t < 6
2,2931,1.6535136626737055,6.243016895412081,4.993083291007909,0.0931422722620266,1.090599866258416,12.575927489134912,Hurdle-AR(1)-S,4 ≤ q_t < 6
3,2931,2.6202015816191304,6.286210286600254,5.0932697634886885,0.09757761856021835,0.9904002165094196,12.702547734772336,Hurdle-AR(1)-S,4 ≤ q_t < 6
4,2931,3.4046867597590182,6.08248644593196,4.951614526069656,0.10542476970317298,0.0,12.345320018548087,Hurdle-AR(1)-S,4 ≤ q_t < 6
5,2932,4.202839454365897,6.1581589189127826,5.0091852693950525,0.09583901773533424,1.0843029803581017,12.318416278852332,Hurdle-AR(1)-S,4 ≤ q_t < 6
6,2931,5.093470043474771,6.282163667084488,5.258460315307324,0.10167178437393382,0.0,12.411397238311421,Hurdle-AR(1)-S,4 ≤ q_t < 6
7,2931,6.150678528063295,6.3104979225696765,5.216771037131768,0.09791879904469464,0.8971850480977382,12.492182318783213,Hurdle-AR(1)-S,4 ≤ q_t < 6
8,2931,7.572031230683225,6.0856546723637255,5.008951316720577,0.11531900375298533,0.0,12.36876340344879,Hurdle-AR(1)-S,4 ≤ q_t < 6
9,2931,9.79296644305265,6.2582767360632285,5.2144966252593505,0.10576595018764927,0.0,12.55312621695995,Hurdle-AR(1)-S,4 ≤ q_t < 6
10,2932,16.356081660391684,6.184118200988618,5.039298289110649,0.10879945429740791,0.0,12.287266430788293,Hurdle-AR(1)-S,4 ≤ q_t < 6
1,1232,0.4651440991533633,9.298560159577457,7.590155507062905,0.12094155844155845,0.0,18.771436731219392,Hurdle-AR(1)-S,9 ≤ q_t < 11
2,1232,3.023941265375511,9.017044320967704,7.705901733482608,0.11038961038961038,0.0,17.42237617178582,Hurdle-AR(1)-S,9 ≤ q_t < 11
3,1232,4.305129584767093,9.352897087730373,7.427073877682869,0.11038961038961038,0.0,18.459263747063414,Hurdle-AR(1)-S,9 ≤ q_t < 11
4,1232,5.434475381736809,9.357246835987066,7.703837330559251,0.09821428571428571,1.0794581665180194,19.273679849525816,Hurdle-AR(1)-S,9 ≤ q_t < 11
5,1232,6.653201070568894,9.466462478499807,7.7462626387916185,0.10551948051948051,0.0,19.07547663999213,Hurdle-AR(1)-S,9 ≤ q_t < 11
6,1231,7.995484425341522,8.93775921711574,7.54118555194397,0.10560519902518278,0.0,17.61750601668968,Hurdle-AR(1)-S,9 ≤ q_t < 11
7,1232,9.61358615221717,9.145232426916579,7.31144413166701,0.10146103896103896,0.0,19.23737614803802,Hurdle-AR(1)-S,9 ≤ q_t < 11
8,1232,11.68677035729388,9.237359878746881,7.982235660340432,0.09496753246753246,1.5965017096696337,18.608811228883635,Hurdle-AR(1)-S,9 ≤ q_t < 11
9,1232,14.918191189835532,8.98473670500168,7.593986205534417,0.1038961038961039,0.0,16.76490055132611,Hurdle-AR(1)-S,9 ≤ q_t < 11
10,1232,24.52797388557611,9.395814267636855,7.8886179167692525,0.10064935064935066,0.1364411057176074,18.505400021791637,Hurdle-AR(1)-S,9 ≤ q_t < 11
1,4448,0.0,2.2783928451070734,0.5788132158170631,0.42985611510791366,0.0,6.947202128475805,Hurdle-AR(1)-S-P,q_t = 0
2,4448,0.0,2.2515056137513545,0.5366139129805588,0.4231115107913669,0.0,6.861285713811782,Hurdle-AR(1)-S-P,q_t = 0
3,4448,0.18194177333691752,2.3123045599520426,0.6663220667698107,0.4080485611510791,0.0,6.929874141067266,Hurdle-AR(1)-S-P,q_t = 0
4,4448,1.324159365278058,2.2773335031975055,0.5595193408392567,0.41951438848920863,0.0,6.980603869473593,Hurdle-AR(1)-S-P,q_t = 0
5,4448,2.8016815437525224,2.2876456549189057,0.5460475078228422,0.42468525179856115,0.0,7.000195811910276,Hurdle-AR(1)-S-P,q_t = 0
6,4448,6.927648422464167,2.248481363472378,0.5452514632945177,0.4264838129496403,0.0,6.716926811503551,Hurdle-AR(1)-S-P,q_t = 0
1,3085,0.2772996993067907,5.9115510772647655,4.923873493799283,0.07714748784440843,1.4205508505410989,11.43548626447162,Hurdle-AR(1)-S-P,4 ≤ q_t < 6
2,3085,2.0901145197526114,5.715596206826904,4.772079774847709,0.07585089141004862,1.5013999111154703,11.141008514804854,Hurdle-AR(1)-S-P,4 ≤ q_t < 6
3,3085,2.9966072394741716,5.984850518724626,4.863739837066472,0.07423014586709886,1.5847169646328343,11.787885978182137,Hurdle-AR(1)-S-P,4 ≤ q_t < 6
4,3085,3.765877204623631,5.937186580216555,4.866924963138626,0.073257698541329,1.524826011969505,11.76832083745619,Hurdle-AR(1)-S-P,4 ≤ q_t < 6
5,3085,4.564883989526651,6.09013485592472,4.936296088149362,0.073257698541329,1.4306716813454319,11.959524291483174,Hurdle-AR(1)-S-P,4 ≤ q_t < 6
6,3085,5.417687976913019,6.064434205798741,4.882936502325284,0.07098865478119935,1.5793147920251258,11.692799622149963,Hurdle-AR(1)-S-P,4 ≤ q_t < 6
7,3085,6.443230625577757,5.969127539965872,4.860167424558354,0.07390599675850891,1.4969469895537748,11.941140485905724,Hurdle-AR(1)-S-P,4 ≤ q_t < 6
8,3085,7.8304448287635005,5.934713635948267,4.861818152797629,0.06774716369529984,1.5978090298835217,11.617831897318966,Hurdle-AR(1)-S-P,4 ≤ q_t < 6
9,3085,9.990491204572676,5.918509894116354,4.8180378633151495,0.07423014586709886,1.5090132919422943,11.630074432692297,Hurdle-AR(1)-S-P,4 ≤ q_t < 6
10,3085,16.399325229031252,6.109048112665706,5.009941395745359,0.06904376012965964,1.6876000375228029,11.63392898238828,Hurdle-AR(1)-S-P,4 ≤ q_t < 6
1,1261,1.052503662560961,9.430936990784037,7.720420031937427,0.02775574940523394,2.9868760145790487,17.910169198801974,Hurdle-AR(1)-S-P,9 ≤ q_t < 11
2,1260,3.4741122966755036,9.6516781733272,7.882925791869935,0.020634920634920634,3.3802971459693354,18.253758526095805,Hurdle-AR(1)-S-P,9 ≤ q_t < 11
3,1260,4.776089447739591,10.008758692953124,8.09185639054009,0.020634920634920634,3.388066687946424,18.639574078149284,Hurdle-AR(1)-S-P,9 ≤ q_t < 11
4,1260,5.957603759051357,9.659768003170957,7.794801452035422,0.02619047619047619,3.340156766929398,17.8622119710143,Hurdle-AR(1)-S-P,9 ≤ q_t < 11
5,1260,7.1548825701237115,9.937804372178157,8.140352395029907,0.02619047619047619,3.2431132610844133,18.347177991553664,Hurdle-AR(1)-S-P,9 ≤ q_t < 11
6,1260,8.439861451857396,9.159073303545437,7.672804135635301,0.03571428571428571,3.0942391143717094,17.171365304104725,Hurdle-AR(1)-S-P,9 ≤ q_t < 11
7,1260,10.008907309533123,9.449694800253,7.8199413668036915,0.03015873015873016,3.0213714909214286,17.803551430122653,Hurdle-AR(1)-S-P,9 ≤ q_t < 11
8,1260,12.147601603683983,9.904003589894609,7.923602253991508,0.029365079365079365,3.2301782275186324,18.852780624825513,Hurdle-AR(1)-S-P,9 ≤ q_t < 11
9,1260,15.38072548012826,9.559863931113986,7.593273496514377,0.023809523809523808,3.1319305796682517,18.14576931001105,Hurdle-AR(1)-S-P,9 ≤ q_t < 11
10,1261,24.96159853038773,9.794364429068539,7.843577598813108,0.029341792228390166,3.1787579395285865,18.72484960395495,Hurdle-AR(1)-S-P,9 ≤ q_t < 11
1,5526,0.0,1.4172445161295146,0.0,0.6116539992761492,0.0,4.5346006680158375,SE-Hurdle-S,q_t = 0
2,5525,0.0,1.418004446614365,0.0,0.6068778280542987,0.0,4.319756600373141,SE-Hurdle-S,q_t = 0
3,5526,0.0,1.4098575840931638,0.0,0.5993485342019544,0.0,4.3343108434238875,SE-Hurdle-S,q_t = 0
4,5525,1.5721311916833012,1.9674092339732387,1.0861682152419418,0.4727601809954751,0.0,5.357272766461035,SE-Hurdle-S,q_t = 0
5,5525,3.24139344883671,3.061221591440621,2.360799047636391,0.34714932126696835,0.0,7.374457408254375,SE-Hurdle-S,q_t = 0
6,5526,7.375981856589208,4.421171661905045,3.6853188395698258,0.2376040535649656,0.0,9.639069403605147,SE-Hurdle-S,q_t = 0
1,3099,0.0,3.634383148274644,3.002095491942026,0.2468538238141336,0.0,7.957037076232965,SE-Hurdle-S,4 ≤ q_t < 6
2,3098,1.3631815075935223,4.395604830069679,3.789247608292621,0.16300839251129762,0.0,8.894875422869402,SE-Hurdle-S,4 ≤ q_t < 6
3,3098,2.8714565144940982,5.416505280370003,4.5224113717738765,0.10748870238863784,0.0,10.533529946785968,SE-Hurdle-S,4 ≤ q_t < 6
4,3099,3.7098699664657673,5.688587048035188,4.783099123776935,0.09648273636656986,1.0638335682188003,11.097547118233651,SE-Hurdle-S,4 ≤ q_t < 6
5,3098,4.550611840499941,6.0671227714336995,5.064625613246713,0.08134280180761781,1.5694756656202884,11.788191849694782,SE-Hurdle-S,4 ≤ q_t < 6
6,3098,5.465657055995258,6.603043999134476,5.542198851505843,0.06617172369270496,1.8238330685905928,12.409694041447045,SE-Hurdle-S,4 ≤ q_t < 6
7,3099,6.5348434318947595,6.562779985627814,5.620570945596306,0.08067118425298483,1.6461814745433465,12.55362687871554,SE-Hurdle-S,4 ≤ q_t < 6
8,3098,7.931172177890596,6.959261466528652,5.729452124209557,0.061652679147837314,2.2453445277971227,13.149463730224493,SE-Hurdle-S,4 ≤ q_t < 6
9,3098,10.115156624559704,7.402945312987606,6.259242388710589,0.057133634602969656,2.2750643204911385,13.539764172911852,SE-Hurdle-S,4 ≤ q_t < 6
10,3099,16.37444196417199,8.424115010148903,6.97988345622204,0.04065827686350436,2.7793628552807093,15.912520351111201,SE-Hurdle-S,4 ≤ q_t < 6
1,1328,0.9676142567033682,6.463020739997721,5.502769745317064,0.10015060240963855,0.8404980066504819,12.60756534417892,SE-Hurdle-S,9 ≤ q_t < 11
2,1328,3.5598066723245334,8.129130921550503,6.917493273006631,0.04969879518072289,2.6187641845590752,15.036203884875512,SE-Hurdle-S,9 ≤ q_t < 11
3,1327,4.817281713585939,8.739807125676556,7.352759292593396,0.0346646571213263,3.1194883666696342,16.31500497180115,SE-Hurdle-S,9 ≤ q_t < 11
4,1328,5.956223172566995,9.321229049944952,7.826409131254315,0.03313253012048193,3.095406414151032,16.555223189112453,SE-Hurdle-S,9 ≤ q_t < 11
5,1328,7.127006965656851,9.778322007499094,8.09540041561391,0.02710843373493976,3.555181002824596,18.224723957803917,SE-Hurdle-S,9 ≤ q_t < 11
6,1327,8.447046577785807,9.852818266593582,8.28004668216017,0.027128862094951016,3.385310088951223,18.407525174161115,SE-Hurdle-S,9 ≤ q_t < 11
7,1328,9.936839957865535,10.233433025379588,8.455090295439724,0.022590361445783132,3.879546605780206,19.136490333651373,SE-Hurdle-S,9 ≤ q_t < 11
8,1327,12.03128263008609,10.779301401685062,8.78288832997902,0.027882441597588545,3.8336666864772417,20.226415035366806,SE-Hurdle-S,9 ≤ q_t < 11
9,1328,15.268177296746824,11.393903784568266,9.431753397796005,0.01882530120481928,4.116079092800516,20.602479822798838,SE-Hurdle-S,9 ≤ q_t < 11
10,1328,24.535712682142908,12.841658674513964,10.78484476755223,0.009789156626506024,4.6221113018758935,23.48522779182028,SE-Hurdle-S,9 ≤ q_t < 11
