model,transition_year,target_year,raw_delta_mean,raw_delta_variance,log_delta_mean,log_delta_variance
Empirical,0,1,1.2885383486675055,24.251117204784435,0.35816538039062595,1.892562897696997
Empirical,1,2,1.3194315054292973,30.75999602765272,0.20124075146625992,1.4850935635636584
Empirical,2,3,0.552282180124773,37.050817112441976,0.1376810495289634,1.5917381646605762
Empirical,3,4,0.48958659080454947,42.17960070775188,0.02293479179146545,1.5321863049003712
Empirical,4,5,-0.09556501121288687,43.72588806324544,0.045732714680062896,1.5279263397472564
Empirical,5,6,-0.367253189676237,34.24577628022504,-0.009536656905926819,1.2911340488860594
Empirical,6,7,-0.10004390508095805,38.237701530565644,-0.06043472559535712,1.3291255187979243
Empirical,7,8,-0.2334721410045442,33.00181951286589,0.012099517946995734,1.231088768499282
Empirical,8,9,0.24913347995262236,32.10452715286513,-0.009063829324896105,1.086263189535099
Empirical,9,10,-0.06773493829283948,30.615288183174545,0.0030851215124011824,1.167995665186934
Empirical,10,11,0.005915848293076802,32.04872110808505,-0.014748064711483384,1.1095449303506977
Empirical,11,12,-0.08351177836860256,25.094586705077916,0.008336797526070503,0.9494861355641839
Empirical,12,13,-0.05457540703506278,29.362900224384802,-0.0760222774914888,0.9881435446292884
Empirical,13,14,0.05359034632569188,23.48795235898266,0.03582829666430037,0.9795982591511724
Empirical,14,15,0.18324039322528218,26.513806537018827,0.034138246023026106,1.0907553756125827
Empirical,15,16,-0.059003329316421625,21.747520045812184,0.02242134759948427,0.8793335633345869
Empirical,16,17,-0.33501248312979953,24.44553865995312,-0.1048965481434889,0.9411773033075985
Empirical,17,18,0.14189985153626417,26.81532836114228,0.046352970687414966,0.8724397446166585
Empirical,18,19,-0.31630781165825705,20.94006856686313,-0.052631806176481714,0.8047576217922545
Empirical,19,20,-0.034577962591063834,20.91346005168868,-0.027301569576718383,0.7401495227309594
ARW4,0,1,1.8493783249223628,26.715010037726817,0.3631458142573148,0.9357335571640523
ARW4,1,2,0.87328746703993,27.897640500631578,0.13653128725149485,0.7845747023824697
ARW4,2,3,0.5950040729651753,29.12284723193873,0.08277546601180746,0.7263860574212675
ARW4,3,4,0.3658695126309659,30.083558034697255,0.04536626139226868,0.6882142016599434
ARW4,4,5,0.27339444678708785,32.08349700358427,0.03558501241805958,0.685465896401415
ARW4,5,6,-0.486470753724495,28.420534130909154,-0.05079782010904732,0.6488425638599851
ARW4,6,7,-0.318506992179447,26.37811257792136,-0.030008179464024762,0.6537737753509951
ARW4,7,8,-0.1326345279500244,27.052570405769174,-0.01717295139896481,0.6578825853940167
ARW4,8,9,-0.3298679443673814,22.454858646769093,-0.04512967560534363,0.6096494281113316
ARW4,9,10,-0.15033235305526077,23.29761369225186,-0.01131503762950417,0.6460173412583278
ARW4,10,11,-0.2245035690590872,21.812105401163908,-0.03308327092820579,0.6294249941729902
ARW4,11,12,-0.05943686696386999,22.941461683863015,-0.014465290340093934,0.6745821241474069
ARW4,12,13,-0.020665182373984545,21.883474762545813,-0.0039880846509800436,0.6607448419825992
ARW4,13,14,0.022317474236311932,22.626104526931858,0.004762472921294021,0.6549794139516112
ARW4,14,15,-0.0324970822287775,20.232527614282315,-0.0004697292032733895,0.6207940194116812
ARW4,15,16,0.026729115629489486,19.873877693568364,0.004831551232351555,0.6263726503185906
ARW4,16,17,0.030182294509680394,20.44845635434257,0.009451426388634276,0.6138276751973102
ARW4,17,18,0.00893358940632111,20.933500880828056,-0.007914591007627385,0.6321187093316601
ARW4,18,19,-0.041980601330176844,19.397088455346765,-0.0014021152046287237,0.6194248376715914
ARW4,19,20,0.026381139363782505,19.338547448713012,0.01151352133124532,0.6024422009431438
Hurdle-AR(1)-S,0,1,1.0089604439501276,44.11444432425456,0.37780760940062835,1.9023631386217006
Hurdle-AR(1)-S,1,2,1.192742511886761,49.250801451637166,0.25557512543022126,1.6434896479744545
Hurdle-AR(1)-S,2,3,0.5967646827495713,60.071147457103585,0.11328447636258811,1.6053893050873596
Hurdle-AR(1)-S,3,4,0.3866481227087411,68.831356632539,0.06083300765244047,1.632750768793094
Hurdle-AR(1)-S,4,5,0.18003553163745387,73.383198985445,0.02241735606768754,1.637068760300255
Hurdle-AR(1)-S,5,6,-0.5790188758108998,63.07606923508703,-0.03328089347343545,1.5466375687986607
Hurdle-AR(1)-S,6,7,-0.17469941431086744,55.817438630605324,-0.01544315252704815,1.4540108807863592
Hurdle-AR(1)-S,7,8,-0.0993312505626487,52.762915155984295,-0.004024052676146824,1.3975232068388403
Hurdle-AR(1)-S,8,9,0.013201157852544419,48.73718792101861,-0.03543251948199054,1.2094440458959381
Hurdle-AR(1)-S,9,10,-0.1344887425896388,53.76154847290491,-0.03408107071056381,1.2144032813612666
Hurdle-AR(1)-S,10,11,-0.07970144075422038,53.36913087620945,-0.003566511415300768,1.1973404658973847
Hurdle-AR(1)-S,11,12,-0.0015405008424274912,52.66827538659067,-0.010637697941156139,1.1914837194330634
Hurdle-AR(1)-S,12,13,-0.06339393780074458,51.87693829737375,-0.005321851857211817,1.1908586842064168
Hurdle-AR(1)-S,13,14,0.07325426221421717,52.00610969930851,0.012221325785241549,1.1602253225303398
Hurdle-AR(1)-S,14,15,-0.09471247246326676,51.646217498621525,-0.013849562902897258,1.1454297090680032
Hurdle-AR(1)-S,15,16,-0.0622372561340561,49.250350470509424,-0.009328874405584622,1.2072555031773022
Hurdle-AR(1)-S,16,17,-0.013361019518229818,49.52762384746644,-0.0038898631481738533,1.2276308103503402
Hurdle-AR(1)-S,17,18,0.03285500844869668,56.27721617963495,0.0009484161736736323,1.2111521189196621
Hurdle-AR(1)-S,18,19,-0.03524685894032327,56.27949991914731,0.006043549137235482,1.138649827150573
Hurdle-AR(1)-S,19,20,-0.031240607196713607,50.56290629581134,-0.012087911313423478,1.1952047627692506
SE-Hurdle-S,0,1,1.2149772438219737,28.16395760929775,0.3453533666522129,1.9028452027357998
SE-Hurdle-S,1,2,1.0896336855467015,42.73742353845377,0.1547889139394033,1.6909253961630355
SE-Hurdle-S,2,3,0.6383947378825805,52.23732178077378,0.131452613688296,1.5751689139541696
SE-Hurdle-S,3,4,0.5756134156601878,55.838591455200806,0.10872710446839436,1.492415905144535
SE-Hurdle-S,4,5,0.3112898512304554,61.65681352920849,0.05885835836365201,1.4348024840206308
SE-Hurdle-S,5,6,-0.8363637610129517,52.98592545150018,-0.08317600302544939,1.3278307299235648
SE-Hurdle-S,6,7,-0.08548322006978575,46.28883542227578,-0.003591728451986575,1.2242862964133185
SE-Hurdle-S,7,8,0.047726067545397106,49.250072198653186,0.0010442554273497454,1.2614697208428176
SE-Hurdle-S,8,9,-0.09676298410585196,44.74747213199018,-0.016297755447292055,1.0408784099330048
SE-Hurdle-S,9,10,0.027418402493623175,45.83305907710651,-0.01593128585182281,0.9506869681282842
SE-Hurdle-S,10,11,0.018034020300926833,47.145849869031636,-0.002337486785257097,0.9461643546183152
SE-Hurdle-S,11,12,-0.10656328961791885,43.783556741136636,-0.013314377193362432,0.9470829471683201
SE-Hurdle-S,12,13,0.15209912482045923,46.07296828792984,0.006909091365735756,0.9602246953542559
SE-Hurdle-S,13,14,-0.07801080699931298,49.521469686618985,-0.028196100189247595,0.9494273325959571
SE-Hurdle-S,14,15,0.0033468281893920186,46.992558852608454,0.00730093824994062,0.9398785438230319
SE-Hurdle-S,15,16,0.07020917480268218,50.59910737132012,-0.0029981859977637466,0.9679275942898091
SE-Hurdle-S,16,17,-0.08520152840924895,46.78182158406558,-0.008674724095541302,0.9392170710649476
SE-Hurdle-S,17,18,0.08205741402624263,44.52897477966035,0.0022868233445443435,0.9531902648736652
SE-Hurdle-S,18,19,-0.05490420874666719,49.56507680628783,-0.02294389528194402,0.943766344572378
SE-Hurdle-S,19,20,0.01465391122638418,51.21011580989693,0.010102968022949157,0.9614360852563485
AR(1)-S,0,1,2.313322143433939,88.96323602919334,0.2580902338639913,1.1532388824725912
AR(1)-S,1,2,1.1347110545278583,148.05547640284263,0.1385508735871863,0.9497058262545375
AR(1)-S,2,3,0.46519754597697893,187.90295211096188,0.06263651588899427,0.9656263076554297
AR(1)-S,3,4,0.44455242656382427,164.17916567449203,0.045489586424624306,0.9616991932630983
AR(1)-S,4,5,0.33583041828235793,185.48767820107528,0.03312670113297718,0.9374812315265499
AR(1)-S,5,6,-0.8298387386709415,178.52455575157225,-0.1077715199303286,0.8998427561033484
AR(1)-S,6,7,-0.39936941581221996,158.95894235595824,-0.048561407543707164,0.8938213847589719
AR(1)-S,7,8,-0.1967222197736836,149.36600504404547,-0.024342523981477827,0.8813189330354769
AR(1)-S,8,9,-0.1474778124484657,131.15502839058203,-0.06869298052512372,0.8188471798229285
AR(1)-S,9,10,-0.18888068525907828,139.23100235059061,-0.04971745365485972,0.8463032100968223
AR(1)-S,10,11,-0.06074068791462566,156.90266120394085,-0.01692695225740041,0.8517190310454711
AR(1)-S,11,12,-0.04020348046608029,154.58978637119418,0.0003741058180927414,0.8651959190493297
AR(1)-S,12,13,-0.20598234756968023,131.11290095580486,-0.024980483065218887,0.8347608961915084
AR(1)-S,13,14,0.014561415905913722,133.96217708460685,-0.0013360007523639844,0.8515934048571883
AR(1)-S,14,15,0.01678875741500652,147.14839166323958,-0.004532560275306453,0.8513398930799551
AR(1)-S,15,16,-0.08754525889734993,158.31595032666152,0.0068172430471966266,0.8462642635597284
AR(1)-S,16,17,-0.010227966318769632,161.7433576859914,-0.012168244456630874,0.84388651606329
AR(1)-S,17,18,-0.09009205143104132,130.53284041516474,-0.008979675460113428,0.8340545855089092
AR(1)-S,18,19,0.13696273437260956,121.26139787960322,0.01222026183688421,0.8468766435689391
AR(1)-S,19,20,-0.0817421021693961,127.92391223828679,0.0004443484982751059,0.8341938647400355
