model,q_bin,n,q_prev_mean,delta_median,laplace_scale,gennorm_beta,gennorm_loc,gennorm_scale
Empirical,1,980,1.686958490853732,-0.03524604530321962,2.3982839406862917,1.3794428007732065,1.1454912243634345,3.400173141099603
Empirical,2,993,2.5128807944978107,-0.08593075892234125,2.856437130425799,1.372876476139393,1.0530307204671274,4.121528379191396
Empirical,3,942,3.4926689722717144,-0.11896186103259287,3.055493754352721,1.38914987025651,0.5816177853518917,4.441275168637569
Empirical,4,977,4.584841494600016,-0.16149136041654444,3.1847656171441217,1.0104498480089419,-0.1614911148806447,3.2314972424074915
Empirical,5,953,5.7528380869036635,-0.25779227676702376,3.3084987776602803,1.4090411960626898,-0.25734281946577564,4.812028223712845
Empirical,6,1020,7.177652318970462,-0.32722663429969323,3.9172628840818122,1.4112163393131578,-0.3551425793728309,5.679326363797445
Empirical,7,932,8.835432227234968,-1.6932070890921889,4.257424584325949,1.4596122799863032,-1.0113342259625522,6.321353454021191
Empirical,8,966,10.9456422396399,-2.3303722689074977,4.432755481740675,1.5580720394204308,-1.8203337855171544,6.8926776038577895
Empirical,9,958,14.291005647026187,-3.256472455905395,5.016322927530414,1.4106207851260657,-2.9784009216779097,7.265226905817151
Empirical,10,967,23.96532769284811,-5.557218590614589,6.717403096682771,1.4832038011543545,-5.2500043434121455,10.080899379837742
ARW4,1,34868,1.0434577878599633,1.91920682134598,2.798835614106369,0.9416754353038777,1.8556469176166148,2.5582754399919923
ARW4,2,16294,2.472078080953344,0.8698392554599321,2.7717248085431163,0.9230948566316957,0.7773130107072757,2.4541490611426653
ARW4,3,20256,3.472220373072337,0.3479915996558032,2.8926206865169255,0.9480617193424357,0.29351239724800593,2.67199130817679
ARW4,4,17728,4.554491722482367,-0.1776517913370168,2.934838772653171,0.9928175581106259,-0.18588336276876863,2.9047359824178103
ARW4,5,19638,5.704492762946702,-0.5850562727223525,3.085087379934272,1.0064570157493133,-0.5782131435009787,3.1133382660883844
ARW4,6,20667,7.118838708393673,-1.101122460752368,3.132483677624091,1.0792081029354523,-1.0416850145195933,3.4682451341169087
ARW4,7,18984,8.781336016829625,-1.633761451813772,3.2817334841560046,1.139374817636469,-1.5555436674392467,3.8771018928020475
ARW4,8,19665,10.8721567989698,-2.2658202303838433,3.438537171106185,1.1242661741233582,-2.2159389711618473,4.00016095090672
ARW4,9,19581,14.177003840679298,-3.16613720924107,3.5721727411091377,1.154536824861109,-3.1286041362917496,4.284016608031221
ARW4,10,12319,21.340279439092342,-4.9001764731317365,3.936058891760366,1.1102176569174325,-4.891121715169354,4.51153131889054
Hurdle-AR(1)-S,1,22776,1.2176310928606529,0.9425402159460509,1.5626847620364916,0.8693784218976237,0.8826273731094996,1.248772146832192
Hurdle-AR(1)-S,2,15724,2.4796396409361305,1.0056640716527285,2.4004521212771848,0.9773802154689939,0.9944565813985162,2.32207793587387
Hurdle-AR(1)-S,3,20042,3.473965716697422,0.7256665561497369,2.8587535317302915,1.002315030688766,0.7276495993978512,2.8681703435185555
Hurdle-AR(1)-S,4,16665,4.551632598029316,0.3627629541635633,3.3801945309361514,0.9724463958022129,0.3397390324416054,3.2453498830336303
Hurdle-AR(1)-S,5,17183,5.692145121753368,-0.16970301625774376,3.863292325735922,0.9492369728601115,-0.2206475822339098,3.5753353727091706
Hurdle-AR(1)-S,6,16522,7.1052387861041275,-0.837299837667985,4.3063945204197625,0.971568369782655,-0.8684150354507071,4.129077703388287
Hurdle-AR(1)-S,7,13719,8.767619231127068,-1.7056090249974467,4.847946067199604,0.9845030429383728,-1.7256513317036535,4.740018079167793
Hurdle-AR(1)-S,8,13474,10.846820363847959,-2.817014873886442,5.499497009808335,1.030645088429841,-2.777834760052439,5.734605957402647
Hurdle-AR(1)-S,9,13611,14.207396647411638,-4.840792684143247,6.388335782766079,0.995572609079864,-4.852364436934687,6.347933833131302
Hurdle-AR(1)-S,10,14471,25.63733672150122,-10.965438231095343,10.147427469935694,0.959825384934639,-10.989627707883693,9.552515978951462
SE-Hurdle-S,1,11988,1.5000783328764633,0.26445691486632816,1.9246358960933732,1.119838532058012,0.3153201065419797,2.2270365128074565
SE-Hurdle-S,2,15650,2.497218808411115,0.5099313418546025,2.5187875886795523,1.1249787296620892,0.5798531512404419,2.931202672094333
SE-Hurdle-S,3,20973,3.470332057868722,0.4646607057749921,2.8852749785185345,1.037084646555725,0.48769588557146204,3.033937495962214
SE-Hurdle-S,4,17874,4.562896672573983,0.2730305907815307,3.284318444089943,1.0290912180254232,0.2957511466097608,3.4177313813939643
SE-Hurdle-S,5,18499,5.698692611108729,-0.16592092720128448,3.6930670905187744,0.9844907012948632,-0.18551617859228187,3.6108037322365685
SE-Hurdle-S,6,18231,7.112958958764079,-0.7256464727038692,4.023684053064316,0.9798627825602257,-0.7485417460091254,3.9069320942702666
SE-Hurdle-S,7,15014,8.785101361586337,-1.3515594846409908,4.54623279650809,0.9581769145715409,-1.4017574379694908,4.268491212974995
SE-Hurdle-S,8,14270,10.868623389455335,-2.416489501980063,5.0524319223165275,0.9481773737090882,-2.485665110560193,4.667693743163749
SE-Hurdle-S,9,14458,14.216063948156632,-4.086529176899116,5.914945766275912,0.9847367056436193,-4.108437234684098,5.785245262743629
SE-Hurdle-S,10,15287,25.49618591161722,-9.524070070659276,9.365356523764325,0.9175366005250449,-9.595352051012467,8.209370639010949
AR(1)-S,1,54983,1.0363375316605836,0.7883602938951937,2.089101652768121,0.6292465657342776,0.5049565480625877,0.778384816226486
AR(1)-S,2,20444,2.4614907619746917,0.624919382764956,3.100542841094034,0.6900452675474255,0.26454950461053933,1.4948872751275508
AR(1)-S,3,20946,3.45920619719556,0.2191430179649334,3.7258047160432484,0.6694013790898717,-0.24434399960389247,1.6573654591073286
AR(1)-S,4,15551,4.5410609713817855,-0.1272691321717092,4.319545193040866,0.6799615382758928,-0.6269465044614536,2.0041842300894444
AR(1)-S,5,14701,5.690037344936681,-0.6167106359185066,4.841222656422592,0.6812576866755391,-1.259256783716355,2.264502176394942
AR(1)-S,6,13725,7.105937376379241,-1.324750935755552,5.449639784457685,0.6873419051217032,-2.002950794426698,2.6035782656111683
AR(1)-S,7,11323,8.766533032670285,-2.4254396847817414,6.096982780057741,0.65960654723265,-3.2810307571752952,2.6107420588199606
AR(1)-S,8,11476,10.86573696470416,-3.452277877639382,6.888485206440334,0.6771525736754703,-4.377741586554916,3.1664445369748755
AR(1)-S,9,12651,14.277727449451767,-5.39522729231669,8.225418994557986,0.6839611047069063,-6.365046600677813,3.8790392677181202
AR(1)-S,10,20768,32.02292329099867,-12.756429645679457,15.675767234214257,0.6722771616908632,-13.099435404454244,7.053790969604988
