,dblp,FourYearProd,TotalYears
0,=Ccedil=etintemel:Ugur,18.01904063450094,13
1,=Ouml=zsu:M=_Tamer,79.45524589679445,20
2,=Uuml=ng=ouml=r:Alper,1.1232590248778695,10
3,Abbeel:Pieter,68.6124940188198,6
4,Abdelrahman:Tarek_S=,14.910930110395718,20
5,Abi=Antoun:Marwan,13.795408476708023,5
6,Abidi:Mongi_A=,73.26061132163187,20
7,Abu=Mostafa:Yaser_S=,13.396197682354614,20
8,Abukmail:Ahmed,0.0,8
9,Ackerman:Mark_S=,33.0073308045053,20
10,Adali:Sibel,19.624713581716176,18
11,Adali:T=uuml=lay,77.0714848775539,20
12,Adams:Julie_A=,25.247241791407237,14
13,Addario=Berry:Louigi,8.217011944507322,4
14,Agah:Arvin,21.564231956199016,17
15,Agrawal:Divyakant,108.98102247244181,20
16,Agrawal:Gagan,73.1210777264969,18
17,Agrawal:Kunal,29.52573420150042,5
18,Agu:Emmanuel,27.080206050528794,12
19,Ahmed:Amal,7.936372682350502,5
20,Ahn:Gail=Joon,64.49983462254232,14
21,Ahn:Luis_von,3.620792005867848,7
22,Aiken:Alexander,43.556747865898394,20
23,Akella:Aditya,55.32913190369476,8
24,Akella:Srinivas,8.003699105254203,14
25,Al=Fuqaha:Ala_I=,25.1390557171427,10
26,Alaghband:Gita,4.210213361762259,20
27,Albonesi:David_H=,3.474699231091642,18
28,Aldrich:Jonathan,33.88565116400399,11
29,Alekseyev:Max_A=,15.877444741203231,5
30,Alexander:Perry,8.476842692490184,20
31,Alfaro:Luca_de,13.760880160752665,13
32,Ali:Adel_Lofty,1.5020676207365846,20
33,Ali:Hesham_H=,51.33817270730171,20
34,Aliaga:Daniel_G=,20.788734007851115,11
35,Allbeck:Jan_M=,16.291407748898514,4
36,Allen:William_H=,7.967735330603121,10
37,Allender:Eric,37.90625676683972,20
38,Allison:Robert_S=,18.258615636766372,13
39,Aloimonos:Yiannis,28.74769522915981,20
40,Alterovitz:Ron,30.486143400021014,5
41,Altman:Tom,4.84144204465148,20
42,Alves=Foss:Jim,8.862741466491016,20
43,Alvisi:Lorenzo,13.692020029049477,18
44,Amanatides:John,3.6115386417019963,10
45,Amarasinghe:Saman_P=,14.992325259895068,17
46,Amato:Nancy_M=,64.8618770303598,19
47,Amenta:Nina,6.986994195737616,17
48,Amir:Eyal,13.798574144410761,10
49,Ammann:Paul,17.252756535802373,20
50,Ammar:Mostafa_H=,93.48995642637779,20
51,Amyot:Daniel,56.92867001571205,12
52,Andersen:David_G=,29.458211278389193,9
53,Anderson:Charles_W=,4.967713395546949,20
54,Anderson:Kenneth_M=,18.058268326958522,16
55,Anderson:Richard_J=,16.3347848913156,20
56,Anderson:Tom,2.5443895932141887,20
57,Andresen:Daniel,4.493036099511478,16
58,Andrews:David_L=,12.286866997307667,20
59,Anshelevich:Elliot,26.094765539161067,8
60,Ant=oacute=n:Annie_I=,12.708211476584996,17
61,Antonio:John_K=,6.524672793747569,20
62,Anyanwu:Kemafor,21.80064129076171,7
63,Appavoo:Jonathan,8.075823154763892,5
64,Appel:Andrew_W=,13.384480103314612,20
65,Ariola:Zena_M=,3.61905368853781,20
66,Arkin:Ronald_C=,22.507300374752155,20
67,Arora:Anish,20.95108837715484,20
68,Arora:Sanjeev,25.39148989042662,20
69,Arpaci=Dusseau:Andrea_C=,43.18936074979249,14
70,Arpaci=Dusseau:Remzi_H=,42.03167165906303,14
71,Asato:Noriko,2.354810482447062,15
72,Aslam:Javed_A=,33.495313525532865,18
73,Aspnes:James,27.186369156596825,20
74,Astrachan:Owen_L=,16.540684362802715,20
75,Athitsos:Vassilis,37.74714266387566,7
76,Atlas:James,1.0903626678257634,5
77,Atlee:Joanne_M=,16.766306697623378,20
78,August:David_I=,17.624200119735114,14
79,Aydin:Hakan,17.166719260141118,13
80,B=ouml=l=ouml=ni:Ladislau,26.129293855116423,12
81,Babu:Sabarish_V=,20.436273554818918,5
82,Bacchus:Fahiem,24.85122637340971,20
83,Back:Godmar,3.441802874039535,10
84,Bader:David_A=,58.883758102360574,17
85,Baek:Kyungim,4.780113055500563,8
86,Bailey:Brian_P=,21.600293980953865,12
87,Bailey:Reynold_J=,19.491692694812027,7
88,Bajaj:Chandrajit_L=,55.81432423028343,20
89,Bakos:Jason_D=,13.757714493049924,9
90,Balakrishnan:Hari,35.49909090532043,16
91,Balakrishnan:Ravin,16.11395232586969,13
92,Balch:Tucker_R=,11.619480767662486,13
93,Balci:Osman,17.513899928876384,20
94,Baljko:Melanie,15.062915600605272,10
95,Banerjee:Arindam,54.337556557129076,9
96,Banerjee:Nilanjan,48.43919482021021,5
97,Banerjee:Suman,48.06621995058879,11
98,Bangalore:Purushotham,10.46332538573251,11
99,Banic:Amy,10.151528083853623,4
100,Banicescu:Ioana,17.169884927843857,18
101,Bansal:Arvind_K=,0.0,20
102,Bar=Joseph:Ziv,15.94477116410693,11
103,Baral:Chitta,40.1957095913151,20
104,Baranoski:Gladimir_V=_G=,11.34527919933793,13
105,Barbic:Jernej,14.5772377604614,5
106,Barbosa:Denilson,25.10625761019436,9
107,Bardzell:Jeffrey,31.850511135963803,10
108,Barford:Paul,31.1094432534675,13
109,Barker:Ken,45.27009763809532,20
110,Barlow:Jesse_L=,6.8221534309700065,20
111,Barr:Alan_H=,9.916706876577532,20
112,Barzilay:Regina,28.44946966318134,10
113,Bassiouni:Mostafa_A=,20.34602813604892,20
114,Bastani:Farokh_B=,21.31205828221295,20
115,Basu:Anup,37.359623321110284,20
116,Basu:Samik,22.01374952148428,11
117,Basu:Saugata,7.972434707105349,16
118,Batzoglou:Serafim,12.704947558778496,13
119,Baumgartner:Gerald,4.464839118961601,17
120,Bazzi:Rida_A=,7.09549123695949,18
121,Beame:Paul,24.353792633789535,20
122,Bebis:George,58.25054614139075,16
123,Becchi:Michela,32.09478551473146,4
124,Beck:Micah,1.1937511154843123,20
125,Bederson:Benjamin_B=,12.501434581267906,19
126,Beek:Peter_van,23.535115681306575,20
127,Bekris:Kostas_E=,37.85369677923694,6
128,Belhumeur:Peter_N=,13.967657056069754,20
129,Belkin:Mikhail,15.910341098255337,9
130,Bender:Michael_A=,24.800889893824714,16
131,Bengio:Yoshua,90.47500665348736,20
132,Benjamin:D=_Paul,4.514392410389949,14
133,Berger:Emery_D=,13.795408476708023,12
134,Berger=Wolf:Tanya_Y=,18.39490044147702,9
135,Bermudez:Manuel_E=,1.6127345025966606,19
136,Bernstein:Daniel_J=,61.76936894164973,16
137,Bertacco:Valeria,37.92265516104389,11
138,Best:Michael_L=,6.8460100145247385,10
139,Bestavros:Azer,33.78840627533569,20
140,Bethel:Cindy_L=,13.490040760338378,3
141,Bettati:Riccardo,2.3170101403621786,19
142,Beveridge:J=_Ross,19.915570030999653,20
143,Beverly:Robert,12.361984108854514,5
144,Beyah:Raheem_A=,59.23761861166173,9
145,Bez=aacute=kov=aacute=:Ivona,15.025221616947174,8
146,Bhandarkar:Suchendra_M=,31.40135433103221,20
147,Bhattacharjee:Abhishek,11.481564004048582,4
148,Bhattacharya:Binay_K=,22.209828128730162,20
149,Bhowmick:Sanjukta,18.570412938645255,7
150,Bhuyan:Laxmi_N=,34.07921238292445,20
151,Biagioni:Edoardo_S=,12.467004515416312,17
152,Bickmore:Timothy_W=,34.17222065282821,11
153,Biedl:Therese_C=,37.6797179908682,15
154,Bieman:James_M=,47.63651373663277,20
155,Bigham:Jeffrey_P=,79.4702809388663,5
156,Bilgic:Mustafa,8.039761130009047,4
157,Bindel:David,11.07117588111714,5
158,Bishop:Matthew,0.0,20
159,Biswas:Gautam,29.590094747293605,20
160,Blake:M=_Brian,43.02181154693299,14
161,Blanchette:Mathieu,8.042926797711786,12
162,Blanton:Marina,21.9745218290267,7
163,Blei:David_M=,45.27792484990071,8
164,Blustein:James,10.53381747633895,14
165,Bod=iacute=k:Rastislav,19.38187466164424,15
166,Bodenheimer:Bobby,18.158491106914326,14
167,Bond:Michael_D=,10.013709570343483,3
168,Boneh:Dan,71.09667438158965,16
169,Bonner:Anthony_J=,10.260698662525204,20
170,Boppana:Rajendra_V=,5.170065864504181,20
171,Borcea:Cristian,24.899480714877267,10
172,Borie:Richard_B=,5.297214946819979,20
173,Borradaile:Glencora,18.26341326337236,5
174,Bose:Bella,33.434571777362635,20
175,Boult:Terrance_E=,27.80852130759918,20
176,Bourgeois:Anu_G=,10.223652133363313,14
177,Boutilier:Craig,42.416931242946816,20
178,Bowles:John_B=,1.4510313998257118,19
179,Bowling:Michael_H=,46.781644808153125,11
180,Bowman:Doug_A=,49.30399638513667,15
181,Boyapati:Chandrasekhar,5.66124476158797,4
182,Boyer:Kristy_Elizabeth,51.09446903399414,3
183,Boyland:John_Tang,3.510761255846487,15
184,Bozorgzadeh:Elaheh,14.859206122887159,11
185,Bradley:Elizabeth,13.516564843284213,20
186,Brandt:Scott_A=,19.692040004619876,15
187,Branicky:Michael_S=,3.5451913216980815,18
188,Braverman:Mark,63.766618485824296,4
189,Braverman:Vladimir,16.826823227816114,3
190,Breen:David_E=,8.668053762160563,8
191,Bregler:Christoph,9.342009286715228,14
192,Brent:Michael_R=,8.010534504516531,18
193,Brewster:Gregory_B=,2.8536276617981287,14
194,Bridges:Patrick_G=,25.247241791407234,12
195,Bridson:Robert,18.432594425135118,11
196,Bringsjord:Selmer,21.005056246803008,20
197,Brisk:Philip,38.97379013641208,5
198,Brock:Oliver,25.67977628983116,12
199,Brockman:Jay_B=,7.239845694405659,20
200,Brodley:Carla_E=,13.80020610331401,20
201,Brooks:David_M=,33.01289960319549,12
202,Brown:Angela_Demke,19.486895068206035,9
203,Brown:C=_Titus,5.655424566743169,6
204,Brown:David_C=,7.626593450665617,20
205,Brown:Geoffrey,14.237204723690116,20
206,Brown:Laura_E=,8.99383899312416,4
207,Brown:Marcus,0.0,20
208,Brown:Richard_B=,49.15016227158249,20
209,Brown_0001:Daniel_G=,20.163108327573816,13
210,Bruckman:Amy,19.45399871115393,17
211,Brudno:Michael,10.356771270371224,8
212,Bryant:Barrett_R=,47.099078164017,20
213,Bryant:Bobby_D=,9.23784419367583,4
214,Bryant:Randal_E=,49.684169978521865,20
215,Bryce:Ren=eacute=e_C=,10.18442444090573,8
216,Budd:Timothy_A=,5.491132423779819,20
217,Buhler:Jeremy,10.64231451756082,12
218,Bulitko:Vadim,17.271739666702917,13
219,Bultan:Tevfik,27.25571854769703,16
220,Bulusu:Nirupama,3.3713107834330964,10
221,Bunescu:Razvan_C=,15.026755325746663,7
222,Burleson:Winslow,35.461396921662335,8
223,Burnett:Margaret_M=,50.125450388502955,20
224,Burns:Randal_C=,17.002237474880587,13
225,Buss:Samuel_R=,9.415555342333954,20
226,Bustamante:Fabi=aacute=n_E=,28.303786105466234,12
227,Butler:Kevin_R=_B=,26.098029456967566,4
228,Butler:Zack_J=,3.374476451135836,10
229,Butz:Cory_J=,13.557268933138314,14
230,Byers:John_W=,11.944358065736456,14
231,Bylander:Tom,2.9020627996514237,20
232,Caesar:Matthew,30.764946094744033,6
233,Cai:Jin=Yi,51.09725488918953,20
234,Cai:Ying,18.401231776882497,11
235,Cai:Yuanfang,29.8091380226219,8
236,Caldwell:James_L=,0.0,15
237,Calinescu:Gruia,11.447133938196988,14
238,Calvert:Kenneth_L=,9.980891897805558,20
239,Calvin:James_M=,9.37587587970069,20
240,Cameron:Kirk_W=,32.32975939059843,14
241,Camp:Joseph_David,22.958330381491173,5
242,Camp:L=_Jean,31.178303385170686,17
243,Camp:Tracy,24.831558674149765,20
244,Candan:K=_Sel=ccedil=uk,34.34303377349422,17
245,Cannady:James,3.5829916637829644,13
246,Canny:John_F=,44.377621404229735,20
247,Canosa:Roxanne_L=,8.590599466398146,8
248,Cao:Guohong,63.7010222719276,15
249,Cao:Yong,27.677137382536177,7
250,Cappello:Peter_R=,13.96970741393589,20
251,Caragea:Doina,26.940755578115404,8
252,Carbunar:Bogdan,29.9141584291837,3
253,Cardei:Mihaela,11.662389703310698,10
254,Cardie:Claire,41.07299266954945,20
255,Carenini:Giuseppe,36.57995657003798,10
256,Carey:Michael_J=,24.581637885053343,20
257,Carothers:Christopher_D=,18.194553131669174,16
258,Carr:Steve,1.1232590248778695,20
259,Carterette:Ben,42.381064694496246,6
260,Carver:Jeffrey_C=,45.71161407667228,10
261,Casanova:Henri,29.367485501541605,9
262,Cavazos:John,12.637719385978556,7
263,Caverlee:James,43.43210141976066,7
264,Cha:Sung=Hyuk,5.790077412550569,13
265,Chai:Jinxiang,13.695185696752215,8
266,Chaiken:Seth,0.0,20
267,Chakrabarti:Amit,23.91730412131604,11
268,Chalin:Patrice,19.41678830011875,10
269,Chan:Philip_K=,5.007367349224479,15
270,Chang:Bor=Yuh_Evan,24.83062058317408,5
271,Chang:Carl_K=,31.755651219996583,20
272,Chang:Chein=I,31.118866566632285,20
273,Chang:Remco,32.129313830686826,4
274,Chang:Richard,13.285940273327007,20
275,Chang:Shih=Fu,86.8456294193961,20
276,Chapman:Richard_O=,1.5020676207365846,12
277,Char:Bruce_W=,1.875159741031655,20
278,Charikar:Moses,15.876009282507507,13
279,Chase:Jeffrey_S=,10.79177756857032,18
280,Chatha:Karam_S=,18.603240099863754,11
281,Chatterjee:Samir,22.692190357579115,20
282,Chaudhuri:Kamalika,23.88277580536068,4
283,Chawla:Nitesh_V=,52.50612600680701,7
284,Chawla:Shuchi,19.490060735908774,8
285,Chazelle:Bernard,32.57907442295215,20
286,Che:Hao,11.238823334080411,16
287,Chechik:Marsha,63.987591760751826,18
288,Chelberg:David_M=,4.076397935191556,20
289,Chellappan:Sriram,26.052372179000745,6
290,Chen:Danny_Ziyi,68.68929212013028,20
291,Chen:Guanling,17.133822903089012,9
292,Chen:Jianer,111.67260218764464,20
293,Chen:Jim_X=,13.626227314945265,19
294,Chen:Keke,12.570392963074859,6
295,Chen:Peter_M=,11.76731185976873,20
296,Chen:Shigang,47.83450999252831,12
297,Chen:Shu=Ching,49.73623613324931,15
298,Chen:Songqing,38.46471294232431,10
299,Chen:Tingting,22.65459462402478,3
300,Chen:Yiling,35.28751638339735,6
301,Chen:Yixin,73.24930098679506,9
302,Chen:Yuanzhu_Peter,12.521083496187558,7
303,Chen:Zhengxin,36.49627456511123,20
304,Chen:Zizhong,30.86343866569282,8
305,Chen_0001:Yi,39.90062339720245,8
306,Cheng:Betty_H=_C=,43.800894596861184,20
307,Cheng:Christine,0.0,12
308,Cheng:Fuhua_=Frank=,17.78061412502616,20
309,Cheng:Heng=Da,7.068866682462973,20
310,Cheng:Jianlin,23.91720587121228,7
311,Cheng:Liang,44.59938576370211,12
312,Cheng:Maggie_Xiaoyan,14.816812762726833,11
313,Cheng:Qi,51.40943200357576,13
314,Cheon:Yoonsik,14.937987367892916,6
315,Chernova:Sonia,28.447935954381848,4
316,Chiasson:Sonia,27.498459217665204,3
317,Childers:Bruce_R=,30.52834025997381,14
318,Chin:David_N=,4.118030659589829,20
319,Chipara:Octav,11.307683465783597,3
320,Chitsaz:Hamidreza,12.568761004171607,3
321,Chiu:Kenneth,11.619382517558723,10
322,Cho:Sangyeun,22.858205851639134,10
323,Choe:Yoonsuck,25.881853808646028,13
324,Choi:Baek=Young,24.72876584431502,9
325,Choi:Min=Hyung,7.801719836543102,15
326,Chomicki:Jan,23.358010584109174,20
327,Choudhary:Alok_N=,79.76296575546694,20
328,Chrisochoides:Nikos,28.64838151429346,17
329,Christensen:Kenneth_J=,12.70984343548825,19
330,Chronopoulos:Anthony_T=,37.22436033971035,20
331,Chundi:Parvathi,9.59128590061943,11
332,Chung:Anthony,1.2315514575691924,20
333,Chung:Lawrence,19.828226559226763,20
334,Chung:Soon_Myoung,24.254719172755276,20
335,Ciardo:Gianfranco,19.261764414331314,20
336,Clarke:Charles_L=_A=,59.10919885115604,18
337,Clarke:Peter_J=,16.154811977230523,11
338,Clauset:Aaron,7.86741430054355,4
339,Claypool:Mark,17.98777623635208,16
340,Cleaveland:Rance,12.040921877699802,20
341,Clement:Mark_J=,13.829838542559616,20
342,Clifton:Chris,30.13934216846787,20
343,Clyde:Stephen_W=,2.7131713999282603,17
344,Cobb:Jorge_Arturo,12.467004515416313,19
345,Cohen:Maxine_S=,0.0,17
346,Cohen:Robin,36.3586136617558,20
347,Cohoon:James_P=,3.349113403267004,20
348,Colbourn:Charles_J=,47.59498748977141,20
349,Collins:Michael,29.671319509111765,11
350,Conati:Cristina,41.17771832579996,15
351,Condon:Anne,21.099678453877157,20
352,Conery:John_S=,4.90501147747577,20
353,Cong:Jason,113.54595816464413,20
354,Conitzer:Vincent,47.967629129536235,8
355,Conte:Thomas_M=,7.239845694405659,20
356,Cook:Diane_J=,87.54823988163001,20
357,Cook:Jonathan,9.166185822589656,17
358,Cook:William_R=,12.885257682552721,11
359,Cooper:Kendra,21.769376892612858,13
360,Cordes:David,4.256223923770545,20
361,Cordy:James_R=,60.46305439800348,20
362,Cormack:Gordon_V=,19.658756069855144,20
363,Cormen:Thomas_H=,1.2712054112467233,18
364,Corso:Jason_J=,49.43068593663534,7
365,Cosley:Dan,35.52709138566278,6
366,Cottrell:Garrison_W=,11.133598123452778,20
367,Coutras:Constantine,1.4025962619724166,8
368,Cowen:Lenore,11.655444542313568,20
369,Crandall:David_J=,33.1163863009578,4
370,Crandall:Jedidiah_R=,17.13698857079175,7
371,Crawfis:Roger,12.434108158364207,18
372,Cremer:James_F=,9.150349065037561,17
373,Cross_II:James_H=,20.685278007735157,20
374,Crovella:Mark,23.379847466434086,20
375,Crowley:Patrick,19.347444595792645,11
376,Cs=uuml=r=ouml=s:Mikl=oacute=s,2.3514402062137725,13
377,Csallner:Christoph,14.957895194043477,6
378,Cui:Jun=Hong,72.1479076070616,11
379,Culler:David_E=,42.96680488991095,20
380,Cunningham:H=_Conrad,8.614343782150268,18
381,Curless:Brian,16.18454266657989,16
382,Curtmola:Reza,14.923366878088117,6
383,D=Souza:Raissa_M=,6.8460100145247385,9
384,Daescu:Ovidiu,17.13698857079175,14
385,Dahlberg:Teresa_A=,14.33283183066667,15
386,Dahleh:Munther_A=,26.293543867847237,20
387,Dahlin:Michael,8.107087552912747,18
388,Daily:Shaundra_Bryant,4.527466165363072,3
389,Daley:Mark,6.98546048693813,11
390,Dalkilic:Mehmet_M=,4.5306318330658115,13
391,Dally:Bill,0.0,20
392,Dampier:David_A=,5.932693552666699,13
393,Dandass:Yoginder_S=,8.670032532881303,8
394,Dang:Zhe,12.260227620099222,14
395,Dankel_II:Douglas_D=,7.818183167431739,20
396,Dantu:Ram,21.45757959073397,11
397,Darken:Rudy,1.2315514575691942,16
398,Das:Gautam,58.11721591576133,20
399,Das:Sajal_K=,183.61712353624768,20
400,Das:Sanmay,27.429599085962014,7
401,DasGupta:Bhaskar,18.570412938645255,17
402,Dascalu:Sergiu_M=,19.450734793347426,12
403,Dasgupta:Partha,30.430569958146677,20
404,Dasgupta:Prithviraj,32.09008613822924,13
405,Daskalakis:Constantinos,36.25109124962068,5
406,Datta:Suprakash,10.570190468051132,11
407,Daum=eacute=_III:Hal,60.07585515494157,8
408,Davidson:Jack_W=,23.702412700828035,20
409,Davidson:Susan_B=,31.209562254326666,20
410,Davis:James_W=,11.732881793917137,13
411,Davis:Timothy_A=,11.58178678400439,15
412,Davison_0001:Brian_D=,11.617848808759234,12
413,Davulcu:Hasan,20.580325153630774,12
414,Day:Judy,1.1576890907294637,3
415,Day:Nancy_A=,6.985460486938128,13
416,DeCarlo:Douglas,10.020545851483089,12
417,Dean:Brian_C=,8.00206714635095,9
418,Dean:Thomas_R=,15.025221616947178,13
419,Deaton:Russell_J=,13.634652191257551,14
420,Decker:Keith_S=,8.828773506719521,15
421,Delgado=Frias:Jos=eacute=_G=,28.561021760219976,20
422,Dellaert:Frank,63.737084296682454,13
423,Delugach:Harry_S=,8.052019071146514,20
424,Demaine:Erik_D=,90.93448289560169,13
425,Demirbas:Murat,27.147532473432495,9
426,Demurjian:Steven_A=,7.364856182910469,20
427,Deng:Zhigang,40.94303920024428,8
428,Desnoyers:Peter,14.890470521036011,5
429,Desoky:Ahmed_H=,0.0,20
430,Detweiler:Carrick,15.025426225477727,3
431,Devadas:Srinivas,25.936274696702426,20
432,Devanbu:Premkumar_T=,41.12315282381098,16
433,Dewan:Prasun,20.33823564408563,20
434,Dewri:Rinku,13.72961576260381,4
435,Dhillon:Inderjit_S=,60.024343772124865,15
436,Di:Jia,14.541175735706556,10
437,DiMarco:Chrysanne,3.8155950044609117,20
438,DiPippo:Lisa_Cingiser,4.7389424371823905,14
439,Diao:Yanlei,20.54272942007644,9
440,Dickinson:Sven_J=,22.404517783766224,18
441,Diefenbach:Paul_J=,3.5469296390281193,8
442,Dietterich:Thomas_G=,24.21176217227856,20
443,Dill:David_L=,23.00205608551542,20
444,Dillig:Isil,18.05347070035253,3
445,Dinakarpandian:Deendayal,4.931891824182806,9
446,Dinda:Peter_A=,20.92185314485903,14
447,Ding_0003:Wei,47.931468854677625,6
448,Diorio:Chris,8.870087692924661,9
449,Dixon:Brandon,4.850605146107002,18
450,Do:Hyunsook,19.20492670578028,7
451,Doan:AnHai,13.621527938443034,12
452,Dobra:Alin,18.327475768469554,11
453,Dodis:Yevgeniy,53.01357124199152,13
454,Dong:Ming,34.69396051772693,12
455,Dongarra:Jack_J=,125.74538978900324,20
456,Doom:Travis_E=,5.172180704425042,12
457,Dorsey:Julie,17.81340643869008,20
458,Dou:Dejing,27.29484799005085,10
459,Douglas:Sarah_A=,18.294476155393987,20
460,Dovrolis:Constantinos,31.281790082932993,13
461,Downey:Doug,17.413034814873132,5
462,Draper:Bruce_A=,23.639545875995488,17
463,Drineas:Petros,14.682159916919433,11
464,Dringus:Laurie_P=,0.0,20
465,Du:David_Hung=Chang,39.04781573976318,20
466,Du:Wei=Chang,0.0,19
467,Duan:Ye,20.785568340148377,11
468,Duan:Zhenhai,9.26794231134495,11
469,Duchamp:Dan,1.4025962619724175,19
470,Duchowski:Andrew_T=,28.754935629654753,16
471,Dufour:Bruno,3.5485615979313705,3
472,Dumontier:Michel,57.815323205819695,9
473,Dunn:Dennis_F=,6.26700598432808,6
474,Duraiswami:Ramani,24.759434624640075,9
475,Durfee:Edmund_H=,40.29902028371051,20
476,Duric:Zoran,4.52899987416256,17
477,Durocher:Stephane,61.44960834546211,5
478,Dutt:Nikil_D=,114.59990352287578,20
479,Dutta:Rudra,23.746589250753793,13
480,Dworak:Jennifer,20.401745238863562,9
481,Dwyer:Matthew_B=,21.672418030463554,19
482,Eavis:Todd,9.33863901048194,10
483,Ebeling:Carl,17.88548079940921,20
484,Ebnenasir:Ali,22.789247469832183,8
485,Edmonds:Jeff,4.6716160142786896,19
486,Eisenberg:Michael,12.283275068384983,20
487,Eisner:Jason,25.355427865671775,14
488,El=Nasr:Magy_Seif,26.304708102180896,11
489,El=Sakka:Mahmoud_R=,10.117098018002029,15
490,Elbaum:Sebastian_G=,29.771542289067572,15
491,Elder:James_H=,15.06128364170202,18
492,Eliassi=Rad:Tina,23.849879448308577,4
493,Ellen:Faith,16.267438039061176,20
494,Elmaghraby:Adel_Said,32.51172829619065,20
495,Elman:Howard_C=,6.016864922984668,20
496,Elmasri:Ramez,32.69894212708862,20
497,Eltabakh:Mohamed_Y=,14.574072092758662,3
498,Emrich:Scott_J=,18.644479914015538,6
499,Enbody:Richard_J=,4.258648499615553,20
500,Enck:William,24.929309654330396,3
501,Engler:Dawson_R=,4.52899987416256,16
502,Eramian:Mark_G=,6.809947989769893,12
503,Erg=uuml=n:Funda,3.3697770746336086,14
504,Erickson:Jeff,13.762512119655915,16
505,Eriksson:Jakob,9.167719531389142,5
506,Esfahanian:Abdol=Hossein,9.68288408930296,20
507,Eskin:Eleazar,37.532402474249835,11
508,Essl:Georg,18.156859148011076,12
509,Estrin:Deborah,96.49753978861453,20
510,Etzioni:Oren,27.706249671659496,20
511,Etzkorn:Letha_H=,11.165124637070441,14
512,Evans:Joseph_B=,22.814868023994602,20
513,Evans:William_S=,15.908709139352084,18
514,Evermann:Joerg,22.75644936288384,7
515,Faezipour:Miad,18.19608684046866,3
516,Fahmy:Sonia,20.852894763052078,15
517,Fainekos:Georgios_E=,34.17385261173146,5
518,Faloutsos:Christos,106.4149478283322,20
519,Faloutsos:Michalis,40.51357211941934,15
520,Farid:Hany,10.32387491331912,15
521,Farkas:Csilla,11.868863739993474,13
522,Farrag:Abdel_Aziz,2.9530990205622967,20
523,Farrens:Matthew_K=,5.340962511139115,20
524,Farzan:Azadeh,15.908807389455848,6
525,Fedkiw:Ronald,21.59539810424411,14
526,Fedorova:Alexandra,20.719775626044164,8
527,Feeley:Michael_J=,8.052019071146512,13
528,Fei:Zongming,10.218952756861086,14
529,Fejer:Peter_A=,5.423786297018314,20
530,Felleisen:Matthias,20.089941968058827,20
531,Felten:Edward_W=,10.537392361102789,20
532,Felzenszwalb:Pedro_F=,9.233512245493356,10
533,Feng:Gui_Liang,7.464697198390937,14
534,Feng:Wu=chang,2.246518049755741,13
535,Fern:Xiaoli_Z=,30.764847844640265,9
536,Fevens:Thomas,14.953097567437485,13
537,Fickas:Stephen,8.562026799215248,20
538,Fiebrink:Rebecca,14.747854380919883,3
539,Fiedler:Kirk_D=,1.2315514575691924,20
540,Findler:Robert_Bruce,17.20748066139819,12
541,Finin:Timothy_W=,41.61095288184595,20
542,Fink:Eugene,18.102564430887586,11
543,Fishwick:Paul_A=,20.795346848233365,20
544,Fiume:Eugene,18.781791405947992,20
545,Flanagan:Cormac,16.082687927720833,11
546,Flanagan:J=_Kelly,1.7363789006703432,10
547,Flann:Nicholas_S=,4.812804804022118,20
548,Fleck:Margaret_M=,2.588137157533322,19
549,Fleet:David_J=,32.68546474634414,20
550,Fleischer:Lisa,10.29414422396975,17
551,Fleming:Scott_D=,12.6031910700232,3
552,Fluet:Matthew,10.25338282271268,5
553,Flynn:Patrick_J=,59.78329950385414,20
554,Fong:Philip_W=_L=,16.077988551218606,10
555,Fong:Sandiway,0.0,5
556,Ford:Bryan,33.418490099520945,5
557,Forlizzi:Jodi,50.0497636441352,14
558,Forrest:Stephanie,25.858924751404466,20
559,Fortes:Jos=eacute=_A=_B=,44.647702978279284,20
560,Fortnow:Lance,49.52465104837335,20
561,Fosler=Lussier:Eric,39.01771720537188,11
562,Fotouhi:Farshad,51.47002574815201,20
563,Fowlkes:Charless_C=,17.069662147888053,7
564,Fox:Edward_A=,113.95855118174505,20
565,Franklin:Matthew_K=,11.655444542313568,14
566,Freeh:Vincent_W=,7.281016312723834,17
567,Freire:Juliana,27.561086264066677,12
568,Friedlander:Michael_P=,12.849195657797875,10
569,Friedman:Eric_J=,10.461898035359809,19
570,Friedman:Joel,8.759825702922722,20
571,Frigui:Hichem,26.235847970477707,16
572,Fu:Kevin,18.39806610917976,9
573,Fu:Song,25.148650970354684,6
574,Fuchs:W=_Kent,16.872449951270205,18
575,Funkhouser:Thomas_A=,18.47335582639219,16
576,Furst:Jacob_D=,13.66228933970011,16
577,Furuta:Richard,27.342674391342378,20
578,G=aacute=l:Anna,16.11558428477294,17
579,Gabel:Mark,2.3875022309686176,3
580,Gajos:Krzysztof_Z=,32.90317982013147,5
581,Gamboa:Ruben,8.039761130009047,12
582,Ganapathy:Vinod,17.312501067959985,7
583,Ganjali:Yashar,20.677382265883843,7
584,Gao:Jean,24.863418690122423,12
585,Gao:Jie,72.48155653412168,9
586,Garcia:Ronald,10.149994375054135,3
587,Garzon:Max_H=,30.079835777234816,20
588,Gasarch:William_I=,47.369712716383454,20
589,Gasser:Michael,2.669423835609126,20
590,Gates:Ann_Q=,7.942704017755981,20
591,Gauch:John_M=,1.4025962619724166,20
592,Gauch:Susan,10.67337430717913,20
593,GauthierDickey:Chris,9.93901872001658,5
594,Gavrilova:Marina_L=,66.39695963686485,13
595,Gazan:Rich,4.52899987416256,9
596,Ge:Tingjian,18.32594205967007,5
597,Geigel:Joe,10.322242954415866,13
598,Geijn:Robert_A=_van_de,32.442270612663435,20
599,Geller:James,37.164156941860924,20
600,Gendron:Bernard,20.331253148257126,18
601,Gennert:Michael_A=,4.309684720526429,20
602,Gerbessiotis:Alexandros_V=,3.407372808187942,16
603,Gerhard:David,5.8261394373054145,10
604,Getoor:Lise,57.671075106800316,13
605,Ghosal:Dipak,22.757983071683324,19
606,Ghose:Kanad,30.38155159835199,20
607,Ghosh:Preetam,25.03586376969168,6
608,Ghosh:Sudipto,10.051025293051062,15
609,Gifford:David_K=,22.011566442382858,20
610,Gilbert:Eric,37.36178585379135,3
611,Gilbert:John_R=,11.17952373259011,20
612,Gilbert:Juan_E=,18.998785042804556,13
613,Gildea:Daniel,22.78924746983218,11
614,Gill:Christopher_D=,33.034765248339895,13
615,Glasgow:Janice_I=,19.524063816332134,20
616,Gleicher:Michael,35.39570245766188,16
617,Goasguen:Sebastien,21.628050609424783,5
618,Godfrey:Michael_W=,39.10844298221947,18
619,Godfrey:Parke,12.571926671874344,15
620,Goebel:Randy,19.44178376547611,20
621,Gogate:Vibhav,27.31354796749251,3
622,Gokhale:Aniruddha_S=,51.53938547288094,11
623,Goldberg:Benjamin,7.510338103682921,20
624,Goldberg:Debra,11.657387468174157,8
625,Goldberg:Ian,33.321432987267876,8
626,Goldberg:Kenneth_Y=,41.15709781951216,20
627,Goldberg:Sharon,26.0228379898589,4
628,Goldsmith:Judy,16.34087649548066,20
629,Golubchik:Leana,19.45236675225068,19
630,Gomathisankaran:Mahadevan,11.654017191940866,4
631,Gooch:Amy_Ashurst,3.620792005867848,7
632,Gooch:Bruce,8.77947601769447,9
633,Goodrich:Michael_A=,26.406562841039953,15
634,Goodrich:Michael_T=,64.30380026707832,20
635,Gopalakrishnan:Ganesh,37.968149039933,20
636,Gopalan:Kartik,10.287812888564273,11
637,Gopi:Meenakshisundaram,12.675315119532891,13
638,Gortler:Steven_J=,6.745787234568932,18
639,Goswami:Dhrubajyoti,6.882072039279584,13
640,Gracanin:Denis,32.1356451660923,15
641,Graham:Peter_C=_J=,3.510761255846487,18
642,Grama:Ananth,22.78771376103269,18
643,Grauman:Kristen,58.38702744630892,7
644,Gravano:Luis,9.097227440782705,17
645,Gray:Jeffrey_G=,71.82393816335404,12
646,Green:Todd_J=,12.016588473672932,3
647,Greenberg:Saul,55.687694572938135,20
648,Greenstadt:Rachel,28.68108137113805,6
649,Greenstreet:Mark_R=,10.939945607628568,20
650,Greenwald:Amy,11.616216849855983,14
651,Greer:Jim_E=,8.0980296331548,20
652,Grimm:Robert,18.432496175031353,12
653,Griswold:William_G=,25.79810159433916,20
654,Groce:Alex,39.542609439546645,15
655,Gropp:William,64.60000182078528,20
656,Grosu:Daniel,35.431764482416725,11
657,Groth:Dennis_P=,1.2712054112467233,10
658,Gruev:Viktor,12.366781735460506,6
659,Gruzd:Anatoliy_A=,18.228983197520765,4
660,Gryz:Jarek,10.358304979170713,17
661,Gu:Guofei,51.54561855818265,6
662,Guerra=Filho:Gutemberg,24.49873937635507,4
663,Guimbreti=egrave=re:Fran=ccedil=ois,21.564231956199016,12
664,Gunes:Mehmet_Hadi,26.478588640445878,6
665,Guo:Hai=Feng,9.095693731983218,12
666,Guo:Xiaohu,27.45923152520762,8
667,Guo:Yuhong,49.36805889023387,5
668,Gupta:Ajay_K=,13.620771394637906,20
669,Gupta:Gopal,13.444556088037132,20
670,Gupta:Himanshu,17.23088001534208,12
671,Gupta:Indranil,22.44781772870769,11
672,Gupta:Rajiv,40.31044630470349,20
673,Gupta:Sandeep_K=_S=,38.06200738335352,18
674,Gurumurthi:Sudhanva,18.15215977150885,9
675,Guruswami:Venkatesan,88.02362213925782,12
676,Gusfield:Dan,18.84929091598548,20
677,Gutierrez=Osuna:Ricardo,35.08237144698351,16
678,Guyer:Samuel_Z=,6.880440080376332,9
679,Hadzilacos:Vassos,7.67182946409947,20
680,Hafiz:Munawar,17.199615617193224,3
681,Hager:Gregory_D=,68.85976542711447,20
682,Haghverdi:Esfandiar,2.627791111210853,7
683,Hahn:James_K=,9.240107191364983,20
684,Hajiaghayi:Mohammad_Taghi,68.36937436839979,4
685,Halderman:J=_Alex,25.985144006200805,6
686,Hale:John,11.621014476461974,17
687,Hall:Lawrence_O=,53.52173446640178,20
688,Hallett:Michael_T=,4.076397935191556,9
689,Hallstrom:Jason_O=,38.83903904050091,10
690,Hamann:Bernd,60.66512950643995,20
691,Hamann:Jerry_C=,5.712280982498843,14
692,Hamdaoui:Bechir,62.48550376140267,7
693,Hamlen:Kevin_W=,36.707162966609815,7
694,Han:Richard,23.885941473063422,13
695,Hannan:John,10.365751826647095,10
696,Harabagiu:Sanda_M=,23.240396994020692,16
697,Harchol=Balter:Mor,15.028387284649913,15
698,Hardavellas:Nikolaos,10.153160042756873,5
699,Hardekopf:Ben,17.493637734179437,4
700,Harn:Lein,13.736936375433702,20
701,Harris_Jr=:Frederick_C=,24.048693049316938,20
702,Harrison:William_L=,8.01003044065968,11
703,Hartline:Jason_D=,22.687392730973123,6
704,Hartman:John_H=,1.2315514575691942,19
705,Hartmann:Bj=ouml=rn,49.233504294530235,4
706,Hassoun:Soha,18.399599817979247,16
707,Hatami:Hamed,15.05648601509603,4
708,Hatcher:Philip_J=,3.0041352414731692,20
709,Hatcliff:John,23.557204639359146,17
710,Hauser:Kris_K=,28.75013800304876,5
711,Hauskrecht:Milos,35.39876987526086,14
712,Hawkey:Kirstie,10.289444847467525,3
713,Haynes:Christopher_T=,1.6127345025966606,20
714,Hazelwood:Kim_M=,5.794875039156559,9
715,He:Wenbo,39.10565629496858,6
716,He:Xudong,22.814868023994602,20
717,Healey:Christopher_G=,9.340066360854642,16
718,Heath:Lenwood_S=,12.827158226970102,20
719,Heckendorn:Robert_B=,2.2841137833100724,15
720,Heeman:Peter_A=,14.223674222440536,16
721,Heer:Jeffrey,45.859027843394394,5
722,Heffernan:Neil_T=,63.12135473712964,12
723,Heflin:Jeff,15.094081748650364,13
724,Heineman:George_T=,4.361450671303054,18
725,Helal:Abdelsalam,55.30120224691318,20
726,Helgason:Richard_V=,1.9510284956776276,20
727,Heliotis:James_E=,0.0,20
728,Heller:Rachelle_S=,0.0,20
729,Helmy:Ahmed,33.45445387417203,15
730,Hendler:James_A=,74.87255463336294,20
731,Hendren:Laurie_J=,22.005790633186887,20
732,Hengartner:Urs,18.258713886870133,9
733,Hepting:Daryl_H=,12.364321293070082,11
734,Herlihy:Maurice,42.17495268176273,20
735,Herman:Ted,4.6716160142786896,20
736,Hero_III:Alfred_O=,86.17518826704094,20
737,Hertzmann:Aaron,26.97375018527127,11
738,Hickey:Timothy_J=,12.03031897919549,20
739,Hicks:Michael_W=,29.876562695629364,12
740,Hilford:Victoria,2.805192523944833,5
741,Hindle:Abram,52.941727922829905,3
742,Hirani:Anil_N=,5.722750989646869,9
743,Hirst:Graeme,12.519283458582374,20
744,Hitchcock:John_M=,10.355139311467974,11
745,Hmurcik:Lawrence,0.0,20
746,Hodges:Larry_F=,19.46636814018317,20
747,Hoeber:Orland,15.977667521159036,7
748,Hoey:Jesse,33.32306494617113,4
749,Holder:Lawrence_B=,32.83678674161424,20
750,Holliday:JoAnne,4.744051030745718,13
751,Hollingsworth:Jeffrey_K=,16.11395232586969,20
752,Holmes:Reid,30.011215541436766,4
753,Homan:Christopher,10.082667952150434,11
754,Honavar:Vasant,75.03832097316143,20
755,Hong:Jason_I=,33.211811454307615,10
756,Hong:Pengyu,8.14468328646708,9
757,Hong:Xiaoyan,21.841500942122547,11
758,Hoover:H=_James,14.280614202640825,20
759,Horn:Michael_S=,29.809236272725666,4
760,Hornof:Anthony_J=,2.5027568688159176,13
761,Horowitz:Mark,34.041066108236734,20
762,Horsch:Michael_C=,3.7381407086984977,11
763,Hosking:Antony_L=,8.85918614731676,19
764,Hosom:John=Paul,6.276719148878554,11
765,Hosseini_0001:Seyed_Hossein,6.337265153610854,20
766,Hou:Wen=Chi,29.50818655525612,20
767,Hougen:Dean_F=,8.588620695677406,14
768,Hourcade:Juan_Pablo,23.135474837562665,8
769,Howe:Adele_E=,16.91403143130283,20
770,Howell:Rodney_R=,0.0,20
771,Hristidis:Vagelis,29.802904937320186,10
772,Hsu:William_H=,2.387502230968616,15
773,Hu:Alan_J=,13.8690662350172,18
774,Hu:Jianjun,9.556855834767836,6
775,Hu:Xiaobo_Sharon,52.71333843527607,20
776,Hua:Jing,17.8196596420668,11
777,Huan:Jun,31.281691832829225,8
778,Huang:Chin=Tser,12.778703567191439,11
779,Huang:Chun=Hsi,10.153160042756873,13
780,Huang:Dijiang,39.172317076342736,10
781,Huang:Junzhou,64.42339017698225,3
782,Huang:Miaoqing,27.460863484110867,5
783,Huang:Shou=Hsuan_Stephen,8.832317318425755,20
784,Huang:Xiaolei,22.482346044663046,8
785,Huang:Xiaoqiu,19.9217479866748,20
786,Huber:Manfred,18.539050290392638,14
787,Huffmire:Ted,9.748048103736906,5
788,Humphrey:Marty,15.424165890391425,17
789,Hundhausen:Christopher_D=,10.32387491331912,14
790,Hurson:Ali_R=,33.63664065746762,20
791,Hutchinson:Norman_C=,12.49487139695107,20
792,Hwa:Rebecca,5.72121728084738,11
793,Hybinette:Maria,8.436967086123257,11
794,Iacono:John,25.344298903660306,13
795,Iamnitchi:Adriana,23.91250649471005,9
796,Iftode:Liviu,16.220506441230974,12
797,Ihler:Alexander_T=,29.813935649227897,7
798,Immorlica:Nicole,29.6744851768145,6
799,Indyk:Piotr,43.296013115257544,14
800,Inkpen:Diana,35.36587351820875,11
801,Interrante:Victoria,10.53381747633895,16
802,Ioerger:Thomas_R=,5.653792607839919,18
803,Ipek:Engin,17.000703766081102,5
804,Itti:Laurent,38.11820484424575,14
805,Izaguirre:Jes=uacute=s_A=,9.93901872001658,13
806,Izurieta:Clemente,11.40800449584317,4
807,Jackson:Daniel,36.48213639402373,20
808,Jacobs:Nathan,22.477548418057054,4
809,Jacobs:Robert_A=,8.662367768254525,20
810,Jaeger:T=_Florian,17.166719260141118,7
811,Jahanian:Farnam,13.595872750639275,19
812,James:Doug_L=,10.6027758581459,12
813,Jamin:Sugih,4.780113055500563,17
814,Janardan:Ravi,18.689770281931416,20
815,Jankun=Kelly:T=_J=,6.008294236836466,10
816,Jarecki:Stanislaw,16.925512298972432,11
817,Jayanti:Prasad,3.619053688537808,20
818,Jayasumana:Anura_P=,31.963628894674013,20
819,Jebara:Tony,16.004232542805664,12
820,Jeffery:Clinton_L=,7.396607897523134,19
821,Jenkin:Michael_R=_M=,29.47742434599874,20
822,Jenkins:Odest_Chadwicke,15.489549387434534,9
823,Jensen:Carlos,21.662921027355335,9
824,Jha:Somesh,26.467557928538174,14
825,Ji:Shuiwang,30.522008924568333,4
826,Jia:Yan=Bin,12.432476199460954,15
827,Jiang:Anxiao,30.760050218034273,9
828,Jiang:Tao,50.532926600400394,20
829,Jiang:Xuxian,32.36898708305601,8
830,Jim=eacute=nez:Daniel_A=,16.112418617070198,12
831,Jin:Miao,22.855040183936392,6
832,Jin:Rong,106.33605484850727,11
833,Jin:Ruoming,25.349096530266294,9
834,Jin:Wei,42.309038895090325,6
835,John:Bonnie_E=,24.844503289896966,19
836,Johnson:Andrew_E=,30.653594352776757,17
837,Johnson:Jeremy_R=,3.736161937977755,20
838,Johnson:Philip_M=,3.734308326385108,20
839,Johnson:Steven_D=,7.7316718674030795,20
840,Jones:Douglas_W=,0.0,20
841,Jones:Michael_D=,3.338414426380991,13
842,Jordan:Michael_I=,79.6650601354068,20
843,Joshi:Anupam,48.10534939294261,18
844,Ju:Tao,30.515775839266617,9
845,Jue:Jason_P=,31.007686764712208,15
846,Juedes:David_W=,0.0,16
847,Kabanets:Valentine,22.78771376103269,11
848,Kahveci:Tamer,35.469261965867304,10
849,Kain:Alexander,12.501434581267906,7
850,Kaiser:Gail_E=,28.780601670353228,20
851,Kakadiaris:Ioannis_A=,70.26506392402659,17
852,Kal=eacute=:Laxmikant_V=,57.4584956718215,20
853,Kalita:Jugal_K=,28.069844341832116,20
854,Kalva:Hari,22.714056002723513,11
855,Kalyanaraman:Anantharaman,28.342915547820056,8
856,Kam:Moshe,25.76141455466454,20
857,Kamangar:Farhad,13.392959145493117,20
858,Kamberov:George,3.5829916637829653,15
859,Kambhamettu:Chandra,50.0088057426706,17
860,Kambhampati:Subbarao,31.40856880899385,20
861,Kang:Kyoung=Don,14.92653254579086,11
862,Kannan:Rajgopal,3.581253346452926,14
863,Kant:Mariana,0.0,6
864,Kantarcioglu:Murat,86.17071894420639,9
865,Kapadia:Apu,34.31330308414485,5
866,Kapenga:John_A=,0.0,20
867,Kapron:Bruce_M=,16.7610305137119,20
868,Karavanic:Karen_L=,5.793243080253308,14
869,Karypis:George,46.43714764942966,15
870,Kass:Robert_E=,3.409188368516396,20
871,Kastner:Ryan,44.727805524207795,12
872,Kasturi:Rangachar,30.913818342980523,20
873,Katabi:Dina,55.42321984845262,11
874,Katchabaw:Michael,6.9133364374284385,11
875,Kate:Rohit_J=,5.620994500891575,4
876,Katti:Sachin,43.23185236005658,5
877,Katz:Jonathan,92.28034715431035,12
878,Katz:Randy_H=,79.25233209690366,20
879,Kaur:Devinder,9.194096629356697,20
880,Kaur:Jasleen,18.084833348605148,12
881,Kavi:Krishna_M=,27.661443631814038,20
882,Kearney:Joseph_K=,4.724530651014193,20
883,Kececioglu:John_D=,5.655424566743169,19
884,Keefe:Daniel_F=,24.430982441802264,6
885,Keleher:Peter_J=,7.064431447341185,19
886,Kelleher:Caitlin,11.34527919933793,7
887,Kellis:Manolis,13.79694218550751,10
888,Keogh:Eamonn_J=,47.049416790968436,13
889,Kerne:Andruid,23.84518007180635,12
890,Keromytis:Angelos_D=,42.627069282270924,13
891,Keyser:John,14.852874787481678,14
892,Khan:Javed_I=,12.368315444259999,17
893,Khan:Latifur,62.10926497397473,14
894,Khan:Mohammad_Maifi_Hasan,10.049771595098328,3
895,Khot:Subhash,28.474402725924712,10
896,Kiekintveld:Christopher,29.88596144863382,4
897,Kifer:Daniel,14.752652007525873,6
898,Killian:Charles_Edwin,11.870495698896725,5
899,Kim:Changwook,3.0041352414731692,20
900,Kim:Dae=Kyoo,18.05510265925578,10
901,Kim:Min_Sik,15.911973057158587,9
902,Kim:Yongdae,39.893339683571824,12
903,Kim:Yoohwan,13.522937117390484,10
904,Kim_0001:Eun_Jung,9.203781556143989,11
905,Kindlmann:Gordon_L=,9.302470627300305,5
906,King:Tariq_M=,12.207559089952605,3
907,King:Valerie,26.9250589065665,20
908,Kittur:Aniket,36.824329198909396,5
909,Klein:Dan,42.34663462864466,10
910,Klemmer:Scott_R=,29.63525748435692,10
911,Knutson:Charles_D=,5.790077412550568,14
912,Ko:Steven_Y=,13.587097872591443,4
913,Kobourov:Stephen_G=,67.31190805762614,14
914,Kochut:Krys_J=,10.995404859272062,20
915,Koenig:Sven,34.03123647161533,16
916,Koller:Daphne,32.28298699880153,18
917,Kollios:George,10.256548490415419,14
918,Kolokolova:Antonina,7.903476325298396,7
919,Kompella:Ramana_Rao,39.05186262035701,6
920,Kondor:Risi,4.597958255969512,3
921,Kong:Jun,48.780722811438466,8
922,Konstan:Joseph_A=,27.225801457584964,20
923,Korf:Richard_E=,21.10564154685116,20
924,Korkin:Dmitry,9.269574270248201,7
925,Korkmaz:Turgay,15.908807389455848,12
926,Korth:Henry_F=,13.27255328428093,20
927,Kosecka:Jana,14.959428902842966,15
928,Kosseim:Leila,16.01056387821114,13
929,Kotz:David,32.239498029218154,20
930,Koutsonikolas:Dimitrios,26.810900358913994,3
931,Koyut=uuml=rk:Mehmet,21.74127816216674,7
932,Kozyrakis:Christoforos_E=,36.760070193604676,12
933,Kraft:Nicholas_A=,21.799107581962225,7
934,Kremer:Robert_C=,1.1937511154843088,16
935,Kress=Gazit:Hadas,32.16211193763516,5
936,Kriegman:David_J=,28.873963352524825,20
937,Krintz:Chandra,18.228983197520762,13
938,Krishnamurthi:Shriram,50.0088057426706,14
939,Krishnamurthy:Srikanth_V=,56.18740563300822,13
940,Kruskal:Clyde_P=,3.540103928102191,20
941,Kry:Paul_G=,21.9777857468332,6
942,Ku:Wei=Shinn,32.019495797519035,7
943,Kuang:Rui,13.060876538147745,7
944,Kubiatowicz:John,14.783916405674727,16
945,Kuhl:Scott_A=,12.534330938320013,5
946,Kuhn:Leslie_A=,1.1937511154843088,19
947,Kulkarni:Prasad_A=,8.003699105254201,7
948,Kulyukin:Vladimir_A=,3.736161937977754,13
949,Kumar:Piyush,12.676947078436143,10
950,Kumar:Santosh,32.9111431144402,8
951,Kumar:Vipin,63.85811118922481,20
952,Kurose:James_F=,74.0572309059811,20
953,Kuzmanovic:Aleksandar,17.376661823160948,9
954,Kwon:Minseok,4.565061898917405,10
955,L=oacute=pez:Mario_A=,1.2315514575691906,20
956,L=oacute=pez=Ortiz:Alejandro,60.3985716201977,16
957,LaViola_Jr=:Joseph_J=,58.42769059746224,4
958,Labahn:George,23.50417739866976,20
959,Lafferty:John_D=,36.67581476796253,20
960,Laidlaw:David_H=,23.1386405052654,16
961,Laird:John_E=,22.612207641622845,20
962,Lakhotia:Arun,9.32760232000325,20
963,Lam:Monica_S=,8.28465803518881,20
964,Lan:Zhiling,27.35737678634856,12
965,Landay:James_A=,12.708211476584998,17
966,Lane:Terran,20.419125493944595,11
967,Langer:Michael_S=,10.678482900742452,13
968,Lanthier:Mark,2.627791111210853,10
969,Lara:Eyal_de,10.117098018002029,12
970,Lathrop:Richard_H=,5.474616359553959,14
971,Lawford:Mark,25.892786270449967,16
972,Lawrence:Jason,5.583398767337242,8
973,Lazebnik:Svetlana,20.29682308240553,7
974,LeFevre:Kristen,23.96625535136835,3
975,League:Christopher,4.5658335231589575,3
976,Learned=Miller:Erik_G=,24.291531969388874,10
977,Leavens:Gary_T=,31.10343258271342,20
978,Lebanon:Guy,21.87266709016764,9
979,Lee:Adam_J=,33.14918440790615,6
980,Lee:Insup,57.58765400529975,20
981,Lee:JeongKyu,8.180745311221926,8
982,Lee:Joohyung,35.400401834164114,9
983,Lee:Tai_Sing,3.512499573176526,17
984,Lee:Wenke,32.937708136086826,15
985,Lee:Yugyung,9.412501377321668,14
986,Lee_0001:Peter,16.52071935436847,20
987,Leen:Todd_K=,9.075270837524222,20
988,Leiserson:Charles_E=,9.30436399155846,20
989,Leopold:Jennifer_L=,24.54284975925743,11
990,Leroy:Gondy,20.813765320698256,11
991,Leskovec:Jure,69.70727533279972,5
992,Lesp=eacute=rance:Yves,11.514460361100689,17
993,Lester:James_C=,67.34797008238098,20
994,Lethbridge:Timothy,34.167521276325985,20
995,Leutenegger:Scott_T=,12.497134394640222,14
996,Levesque:Hector_J=,28.21067059277746,20
997,Levine:Brian_Neil,9.12695813013207,15
998,Levinson:Robert,1.5558980742087662,20
999,Levis:Philip,19.352242222398637,9
1000,Levkowitz:Haim,2.7591819619365463,20
1001,Levoy:Marc,5.211834658102573,20
1002,Levy:Yair,7.0543206186413165,11
1003,Lewicki:Michael_S=,1.2315514575691924,13
1004,Lewis:Michael_J=,3.474699231091644,14
1005,Lewis:Rory_A=,8.110457829146036,5
1006,Leyton=Brown:Kevin,37.84899740273471,10
1007,Lhot=aacute=k:Ondrej,15.913506765958076,8
1008,Li:Chengkai,29.63535573446068,7
1009,Li:Fengjun,15.3158734577001,3
1010,Li:Husheng,85.9104330251442,7
1011,Li:Jingke,0.0,3
1012,Li:Jinyang,19.281651881688433,8
1013,Li:Kai,72.57432984350555,20
1014,Li:Ninghui,32.20143788019651,11
1015,Li:Wing=Ning,4.03038737318327,20
1016,Li:Xiang=Yang,140.35126648140138,14
1017,Li:Zongpeng,95.22113437867462,9
1018,Li_0001:Chen,25.345930862563556,13
1019,Li_0001:Jun,9.41413333622492,11
1020,Li_0001:Ming,51.97197607058353,20
1021,Li_0003:Ming,30.112873780088297,3
1022,Li_0025:Wei,5.132265522419298,6
1023,Liefvoort:Appie_van_de,10.425826791896487,20
1024,Lien:Jyh=Ming,26.268744327529813,7
1025,Ligatti:Jay,7.059322853777858,7
1026,Ligett:Katrina,25.03729922838741,3
1027,Lilien:Ryan_H=,12.888751002064273,4
1028,Lim:Lipyeow,11.69181753402575,4
1029,Lin:King=Ip_=David=,4.776742779267273,16
1030,Lin:Shan,39.371796318880634,4
1031,Lin:Zhiqiang,49.76616332280619,3
1032,Lin_0001:Jessica,15.84148096655215,9
1033,Lindeman:Robert_W=,22.584102533418342,15
1034,Ling:Haibin,68.30051423669661,6
1035,Ling:Nam,26.812526505767917,20
1036,Lisetti:Christine_L=,17.166719260141118,16
1037,Litman:Diane_J=,51.55909761889869,20
1038,Liu:Benyuan,47.8971370389298,10
1039,Liu:C=_Karen,18.191387463966432,8
1040,Liu:Chang,229.74970782082138,12
1041,Liu:Donggang,15.19747019630891,9
1042,Liu:Jason,24.020594318870824,10
1043,Liu:Jinze,7.396607897523135,5
1044,Liu:Jundong,9.307170003802534,12
1045,Liu:Meilin,9.555223875864584,7
1046,Liu:Mingyan,69.74017168985182,14
1047,Liu:Xiuwen,14.859206122887159,14
1048,Liu:Xumin,25.176749700800798,5
1049,Liu:Yonghe,11.342113531635192,10
1050,Liu:Yu_David,18.158491106914326,9
1051,Liu_0002:Yan,16.04355848536701,4
1052,Liu_0004:Yang,62.99196655727475,8
1053,Lizotte:Daniel_J=,11.621014476461973,3
1054,Lloyd:Errol_L=,1.9510284956776276,20
1055,Lo:Virginia_Mary,15.1849618003437,20
1056,Locasto:Michael_E=,20.679112474890857,4
1057,Loguinov:Dmitri,16.928677966675174,12
1058,Lok:Benjamin,35.53515293007528,11
1059,Lonardi:Stefano,19.283283840591686,13
1060,Long:Darrell_D=_E=,30.660201124402576,20
1061,Loo:Boon_Thau,63.44083460296919,7
1062,Lopez=Benitez:No=eacute=,6.522557953826707,17
1063,Lopresti:Daniel_P=,25.035577974650984,20
1064,Louis:Sushil_J=,18.749508428900356,19
1065,Lowd:Daniel,15.938538078805216,4
1066,Lowe:David_G=,22.319311503468406,20
1067,Lowenthal:David_K=,14.819978430429572,18
1068,Lu:Aidong,16.187610084178864,9
1069,Lu:Chang=Tien,36.13667209005442,12
1070,Lu:Chenyang,61.658115449786216,12
1071,Lu:Songwu,36.65524628725041,15
1072,Luan:Shuang,9.561964428331166,9
1073,Lubiw:Anna,22.65520687136962,20
1074,Luo:Bo,33.29016858911903,6
1075,Lutz:Jack_H=,45.422360995153596,20
1076,Lv:Qin,35.569484745823104,7
1077,Lysyanskaya:Anna,29.311113668728083,11
1078,Lyu:Siwei,29.43481192444531,6
1079,M=uuml=ller:Hausi_A=,36.517117640107294,20
1080,Ma:Xiaosong,29.807506063718655,11
1081,MacGregor:Mike_H=,19.452735030610988,20
1082,MacIntyre:Blair,17.411091889012543,15
1083,MacLean:Karon_E=,31.640568572943973,14
1084,Machiraju:Raghu,21.147121488568843,17
1085,Maciel:Alexis,0.0,15
1086,Madden:Patrick_H=,7.470470264362864,13
1087,Madden:Samuel,65.34102703489067,10
1088,Madduri:Kamesh,20.747972606594043,3
1089,Madhyastha:Harsha_V=,41.018132417249184,4
1090,Magdon=Ismail:Malik,42.69439570517463,14
1091,Mahadevan:Sridhar,20.682514367137703,20
1092,Maheswaran:Muthucumaru,17.773867779275157,15
1093,Mahgoub:Imad,17.51539007948547,20
1094,Mahoor:Mohammad_H=,50.40816315369434,6
1095,Maida:Anthony_S=,3.168632576805427,20
1096,Mailler:Roger,8.21537998560407,5
1097,Major:Fran=ccedil=ois,1.1937511154843088,19
1098,Majumdar:Rupak,69.94051899965967,10
1099,Majumder:Aditi,22.897335293992953,11
1100,Makarychev:Yury,19.555853450012986,4
1101,Makedon:Fillia,33.13178952234874,20
1102,Makrakis:Dimitrios,36.34498269417101,18
1103,Malek:Sam,31.114240880073485,7
1104,Maletic:Jonathan_I=,19.48679681810227,17
1105,Mali:Amol_Dattatraya,2.315378181458927,15
1106,Malik:Jitendra,40.28516085970463,20
1107,Malik:Zaki,40.66883763191972,6
1108,Malkin:Tal,24.119283390027142,11
1109,Malony:Allen_D=,31.512569386884138,20
1110,Mancoridis:Spiros,6.010032554166504,17
1111,Mandoiu:Ion_I=,46.369047316262474,10
1112,Mandryk:Regan_L=,59.23608490286225,7
1113,Manivannan:Dakshnamoorthy,0.0,15
1114,Mankoff:Jennifer,30.579936594467576,13
1115,Mann:Stephen,6.011886165759151,19
1116,Manning:Christopher_D=,100.28251255076506,20
1117,Manohar:Rajit,28.37734561367165,16
1118,Manolios:Panagiotis,17.56412982478588,12
1119,Mao:Weizhen,14.24335793130766,20
1120,Mao:Yongyi,11.483195962951834,11
1121,Marbach:Peter,12.28501338571502,12
1122,Marcus:Andrian,33.31663536066189,11
1123,Marian:Am=eacute=lie,10.977745949713452,7
1124,Marinov:Darko,37.612391567964494,9
1125,Markov:Igor_L=,35.98457224525678,14
1126,Marques:Oge,18.396532400380273,13
1127,Marschner:Steve,24.091184659581025,12
1128,Martel:Charles_U=,9.317320660489099,20
1129,Martin:C=_Dianne,12.926629585734272,20
1130,Martin:Fred_G=,9.785848445821792,10
1131,Martin:James_H=,36.69178028478473,20
1132,Martin:Jim,21.59703006314736,12
1133,Martin:Milo_M=_K=,19.760900136323066,10
1134,Martin:Patrick,33.45043276003577,20
1135,Martin:Richard_P=,14.956263235140225,15
1136,Martin:Worthy_N=,10.249378590085527,20
1137,Martinez:Tony_R=,9.922494344261102,20
1138,Martonosi:Margaret,34.139324295776106,20
1139,Massey:Daniel,12.74264154243659,10
1140,Mataric:Maja_J=,28.580956841286003,19
1141,Mateas:Michael,52.124033114529205,11
1142,Matsuoka:Yoky,16.867193619779933,12
1143,Matta:Ibrahim,10.389667627423332,19
1144,Matthews:Jeanna_N=,5.586466184936217,14
1145,Matthews:Manton_M=,1.8037250274318477,20
1146,Mayfield:Blayne_E=,2.669423835609126,20
1147,Mayo:Jean,10.082667952150436,17
1148,Mazi=egrave=res:David,32.76497029732808,13
1149,Mazumder:Pinaki,16.11965622693061,20
1150,McCarthy:Jay_A=,3.441802874039536,6
1151,McCartney:Robert,42.21183280140449,20
1152,McCoy:Kathleen_F=,12.354130076595522,20
1153,McDaniel:Patrick_Drew,37.44503886531251,10
1154,McDonald:John_C=,5.688320923795275,16
1155,McDowell:Charles_E=,9.401031056033226,20
1156,McGovern:Amy,9.520793810012991,8
1157,McGrenere:Joanna,17.105724172642898,12
1158,McIlraith:Sheila_A=,18.258713886870133,10
1159,McKeown:Kathleen,44.11201026970124,20
1160,McKeown:Nick,41.14981609556138,19
1161,McKinley:Philip_K=,41.45661747355528,20
1162,McMillin:Bruce_M=,27.24911283234742,20
1163,Medhi:Deep,31.97397276425219,20
1164,Megalooikonomou:Vasileios,46.159976913609896,14
1165,Meiron:Daniel_I=,2.9020627996514237,20
1166,Melhem:Rami_G=,69.36155266133025,20
1167,Memik:Gokhan,17.035232082036458,11
1168,Memik:Seda_Ogrenci,15.805320691693543,11
1169,Memon:Atif_M=,38.359790785866274,13
1170,Menczer:Filippo,23.84038244520036,16
1171,Meng:Teresa_H=_Y=,15.302326918585058,20
1172,Meng:Weiyi,24.2692470578184,20
1173,Mengel:Susan_A=,0.0,17
1174,Metaxas:Dimitris_N=,107.74630943247962,20
1175,Metoyer:Ronald_A=,5.865571738293549,12
1176,Meyer:Miriah_D=,12.504600248970647,3
1177,Meyerson:Adam,12.997231358434671,10
1178,Micali:Silvio,31.33670111997524,20
1179,Micciancio:Daniele,20.57246010942581,15
1180,Michel:Laurent_D=,17.376661823160944,12
1181,Might:Matthew,21.769376892612858,6
1182,Miikkulainen:Risto,54.057896946273125,20
1183,Miklau:Gerome,15.976133812359548,9
1184,Mikler:Armin_R=,9.061263666131623,17
1185,Milani:Masoud,0.0,20
1186,Milanova:Ana,9.2695742702482,11
1187,Milenkovic:Tijana,23.467688305927012,4
1188,Milenkovic:Victor_J=,5.569062059415541,20
1189,Miller:Ethan_L=,26.26711236862656,20
1190,Miller:John_A=,37.076494435580514,20
1191,Miller:Leslie_L=,18.133907417363822,20
1192,Miller:Rob,55.825644677075324,12
1193,Miller:Russ,15.454114067704609,20
1194,Miner:Andrew_S=,3.4780695073249297,13
1195,Mirkovic:Jelena,22.822242076988047,11
1196,Mirzaian:Andranik,3.906874563192786,17
1197,Mishra:Prabhat,41.531908987839174,10
1198,Mislove:Alan,29.535132954504874,5
1199,Misra:Satyajayant,32.940873803789565,5
1200,Misra:Vishal,14.96096261164245,13
1201,Mitchell:Ian_M=,12.573558630777598,11
1202,Mitchell:Kenneth,12.364561746460787,12
1203,Mittal:Neeraj,17.02890074663098,12
1204,Mittleman:Daniel_D=,1.2315514575691924,16
1205,Mitzenmacher:Michael,40.62512036159413,15
1206,Mizuno:Masaaki,1.45103139982571,20
1207,Mjolsness:Eric,24.280199015620497,20
1208,Mohanty:Saraju_P=,58.88057033065777,10
1209,Mohapatra:Prasant,130.52109962196604,20
1210,Mohassel:Payman,38.56023634577789,5
1211,Mokbel:Mohamed_F=,64.52188274793104,9
1212,Molloy:Michael,12.778703567191435,18
1213,Mooney:Raymond_J=,38.70268347032491,20
1214,Moore:Cristopher,15.839849007648898,14
1215,Mordohai:Philippos,20.406542865469554,6
1216,Moret:Bernard_M=_E=,35.7667354769054,20
1217,Mori:Greg,41.18721532890818,10
1218,Morin:Pat,39.08024600166959,12
1219,Morrisett:J=_Gregory,12.709745185384486,18
1220,Morse:Bryan_S=,14.755415452961385,18
1221,Moses:Melanie_E=,10.253284572608916,7
1222,Moss:J=_Eliot_B=,30.390118455679772,20
1223,Moss=eacute=:Daniel,35.7283647576049,20
1224,Mostow:David_J=,19.92689307378896,20
1225,Moura:Lucia,3.3039843605293964,14
1226,Mowry:Todd_C=,15.166410406690606,20
1227,Mozer:Michael_C=,16.384950666032765,20
1228,Mueller:Klaus,27.11780178408313,15
1229,Mukherjee:Biswanath,98.32614399157835,20
1230,Mukkamala:Ravi,27.064362950660218,20
1231,Mullin:Lenore_M=_Restifo,0.0,20
1232,Mumey:Brendan,20.05481589488249,15
1233,Munson:Ethan_V=,15.83514963114667,20
1234,Munzner:Tamara,20.685345560192573,12
1235,Murali:T=_M=,12.742641542436592,11
1236,Murphy:Gail_C=,30.451615084065658,18
1237,Murphy:Kevin_P=,7.239845694405656,9
1238,Murphy:Robert_F=,17.88017254165784,20
1239,Murrill:Branson_W=,4.161778223908963,17
1240,Mutlu:Bilge,52.19126128732915,5
1241,Mutlu:Onur,91.9531137927963,5
1242,Myers:Chad_L=,8.631751284015012,4
1243,Myrvold:Wendy_J=,1.312838135644996,20
1244,Nadeem:Tamer,26.195086569220635,3
1245,Nagpal:Radhika,25.85326581880289,9
1246,Nahl:Diane,6.916706713661728,20
1247,Najarian:Kayvan,24.840019336178536,14
1248,Najjar:Walid_A=,25.403289408496335,20
1249,Nakhleh:Luay,15.094081748650364,10
1250,Namin:Akbar_Siami,17.849859472738178,5
1251,Narahari:Bhagirath,11.570043885770142,20
1252,Narasimhan:Giri,28.51063336060168,20
1253,Narayanan:N=_Hari,8.433712104152576,15
1254,Narayanasamy:Satish,20.544361378979694,6
1255,Nasraoui:Olfa,20.959547128517123,14
1256,Nayar:Shree_K=,23.970212892809833,20
1257,Neal:Radford_M=,1.1232590248778695,18
1258,Necula:George_C=,10.67848290074245,15
1259,Neff:Michael,19.52285884285712,8
1260,Neilsen:Mitchell_L=,0.0,17
1261,Nelakuditi:Srihari,21.838335274419805,12
1262,Nelson:Brian_C=,4.597958255969512,9
1263,Nelson:Michael_L=,48.703702885219016,12
1264,Nelson:Peter_C=,16.38268766834361,20
1265,Nenkova:Ani,34.134624919273875,7
1266,Neville:Jennifer,29.950220453938545,8
1267,Newman:Richard_E=,11.667283818193031,20
1268,Newton:Ryan,18.05510265925578,3
1269,Ng:Raymond_T=,24.013336249874406,20
1270,Ng:Vincent,54.67582063055083,10
1271,Ng:Yiu=Kai,26.476802143939135,20
1272,Nguyen:Thu_D=,20.34075015136534,15
1273,Nicolescu:Mircea,21.498439242094804,11
1274,Nicolescu:Monica_N=,24.833688000773055,11
1275,Niehaus:Douglas,12.674530307221708,10
1276,Niethammer:Marc,58.11282587798437,6
1277,Nikolova:Evdokia,11.412605622241632,3
1278,Ning:Peng,50.665296703480486,13
1279,Nishimura:Naomi,2.3875022309686176,20
1280,Nita=Rotaru:Cristina,35.61034439718394,11
1281,Niu:Nan,26.8462058617678,6
1282,North:Chris,40.024925111780256,14
1283,Norvell:Theodore_S=,7.925154215799124,14
1284,Novick:David_G=,9.546636457135502,20
1285,Nowick:Steven_M=,15.388103865636579,20
1286,O=Donnell:Ryan,33.996806405763735,8
1287,O=Kane:Jason_M=,14.99232525989507,7
1288,Oates:Tim,36.80256180386876,13
1289,Obradovic:Zoran,56.89685322028335,20
1290,Offutt:A=_Jefferson,55.28363768546,20
1291,Ofria:Charles,11.688340899365674,12
1292,Oh:Jung=Hwan,14.230414774907116,12
1293,Olano:Marc,7.801719836543102,12
1294,Olariu:Stephan,114.67336411453464,20
1295,Older:Susan,3.736161937977755,16
1296,Olfman:Lorne,20.480377168367905,20
1297,Oliveira:Suely,1.1937511154843088,20
1298,Olsen:Dan_R=,19.393148256746336,20
1299,Olsson:Ronald_A=,11.922658072251128,20
1300,Omiecinski:Edward,21.64682809552249,20
1301,Onder:Nilufer,4.6323883218211055,14
1302,Oommen:B=_John,49.35059225284939,20
1303,Ordonez:Carlos,33.364233362609724,9
1304,Osgood:Nathaniel,18.22744948872128,9
1305,Ostermann:Shawn,8.190555447918484,10
1306,Ostroff:Jonathan_S=,4.307260144681418,20
1307,Ou:Xinming,21.426413442688876,8
1308,Ousterhout:John_K=,9.60340496909619,20
1309,Ouyang:Ming,6.849175682227478,7
1310,Overstreet:C=_Michael,7.088073136979897,20
1311,Ozdaglar:Asuman_E=,39.92153666412171,11
1312,Pachter:Lior,9.666886584789196,12
1313,Pai:Dinesh_K=,18.526151416620138,20
1314,Pal:Christopher_Joseph,12.366781735460508,7
1315,Palen:Leysia,22.585734492321592,10
1316,Pallickara:Shrideep,27.559454305163424,5
1317,Palmer:Luther_R=,3.61905368853781,4
1318,Pan:Deng,16.222138400134224,7
1319,Panangaden:Prakash,42.36701187326122,20
1320,Pancake:Cherri_M=,1.4510313998257136,20
1321,Panda:Dhabaleswar_K=,87.62779810724128,20
1322,Pande:Partha_Pratim,50.07632866578183,9
1323,Pandey:Raju,13.018474202538275,11
1324,Pang:Alex_T=,6.489112450711641,20
1325,Panne:Michiel_van_de,14.01045963329118,20
1326,Papadopoulos:Christos,21.562599997295766,15
1327,Papaemmanouil:Olga,13.486875092635637,5
1328,Papakonstantinou:Yannis,7.832984234691956,17
1329,Papamichail:Dimitris,4.931891824182806,4
1330,Pardo:Bryan,29.770106830371844,10
1331,Pargas:Roy_P=,4.838203507789982,20
1332,Park:Haesun,44.23976622541744,20
1333,Park:Kihong,2.180725335651527,18
1334,Park:Seung=Jong,18.119263414456743,10
1335,Parkes:David_C=,51.6490070058412,13
1336,Parmer:Gabriel,13.833004210262354,5
1337,Parr:Ronald,9.40739278375834,14
1338,Parrish:Allen_S=,7.633168779642566,20
1339,Parrish_Jr=:James_L=,2.4631029151383848,5
1340,Parsons:Jeffrey,16.05921611916836,20
1341,Parthasarathy:Srinivasan,36.3826766778291,14
1342,Pasricha:Sudeep,53.10620970809045,6
1343,Pass:Rafael,89.8253220002305,8
1344,Pastel:Robert,4.7423127134156795,7
1345,Patel:Nilesh_V=,12.443994812943941,4
1346,Patel:Rupal,7.356953943845604,11
1347,Patel:Shwetak_N=,46.84590381345785,6
1348,Pavlovic:Vladimir,32.30329261905557,12
1349,Paxton:John,10.466231356806528,16
1350,Payton:Jamie,14.957895194043477,8
1351,Pazzani:Michael_J=,7.2093229443328415,20
1352,Peh:Li=Shiuan,32.29696128365009,12
1353,Pei:Jian,79.70995419123551,12
1354,Pei:Yong,3.4386372063367965,10
1355,Pellacini:Fabio,19.347444595792645,9
1356,Pemmaraju:Sriram_V=,20.76544800712789,20
1357,Perkins:A=_Louise,6.9209601858455105,17
1358,Perkins:Andy_D=,5.934431869996737,5
1359,Perkovic:Ljubomir,6.745787234568932,16
1360,Peters:Dennis_K=,3.509129296943236,13
1361,Peterson:Zachary_N=_J=,7.167721644895968,3
1362,Phan:Vinhthuy_T=,12.600123652424227,11
1363,Phatak:Dhananjay_S=,6.9133364374284385,20
1364,Phillips:Jeff_M=,24.294697637091616,3
1365,Pientka:Brigitte,18.05183874144928,11
1366,Pitassi:Toniann,30.627029331130124,20
1367,Pivkina:Inna,0.0,12
1368,Plaku:Erion,23.9141384536133,4
1369,Plale:Beth,44.76060363115614,13
1370,Plank:James_S=,12.998863317337923,20
1371,Pless:Robert,21.59703006314736,14
1372,Poellabauer:Christian,18.435661842734092,10
1373,Pollack:Jordan_B=,7.158286723421969,20
1374,Pollock:Lori_L=,51.68849457665191,20
1375,Polycarpou:Irene,4.704512371330796,6
1376,Polyzotis:Neoklis,30.122469033300277,11
1377,Pontelli:Enrico,52.12383661432168,17
1378,Pop:Mihai,15.026755325746663,8
1379,Popescu:Voicu,9.09099435548099,13
1380,Porter:Adam_A=,17.61208190672738,20
1381,Poshyvanyk:Denys,69.11984100390056,6
1382,Potkonjak:Miodrag,83.59504154525857,19
1383,Potter:Walter_D=,25.807248609460256,20
1384,Pottinger:Rachel,12.02332902613951,9
1385,Poulin:Pierre,21.564133706095255,20
1386,Poupart:Pascal,22.79557880523766,10
1387,Prabhakar:Sunil,7.900310657595654,16
1388,Prabhu:Gurpur_M=,4.160325593127034,14
1389,Prakash:Atul,22.906889148011174,20
1390,Prakash:Ravi,22.71722167042625,17
1391,Prasad:Sushil_K=,20.688722817700167,20
1392,Precup:Doina,59.074867035408225,14
1393,Prins:Jan,18.442392426549787,20
1394,Prvulovic:Milos,6.849175682227478,11
1395,Pugh:Bill,22.50436120632616,20
1396,Punch:William_F=,6.702074206481549,20
1397,Putnam:Cynthia,10.290978556267012,4
1398,Qi:Xiaojun,19.45083304345119,12
1399,Qi:Yuan_=Alan=,9.702948609544043,6
1400,Qian:Xiaoning,43.53568636762674,5
1401,Qiao:Chunming,64.36572366831368,20
1402,Qin:Feng,37.46987367795212,8
1403,Qin:Xiao,81.86248254633715,10
1404,Qu:Guangzhi,12.852361325500615,7
1405,Quarles:John,24.828890374167067,5
1406,Quek:Francis_K=_H=,42.3444070519176,20
1407,Quiroga:Luz_Marina,0.0,12
1408,Ra:Ilkyeun,2.4631029151383848,12
1409,Rademacher:Luis,11.307683465783597,5
1410,Radev:Dragomir_R=,21.977687496729438,14
1411,Radhakrishnan:Sridhar,20.81785067073671,20
1412,Radivojac:Predrag,14.785548364577979,9
1413,Rafiei:Davood,9.26794231134495,14
1414,Raghavan:Padma,15.026755325746663,20
1415,Raghavendra:Prasad,25.248873750310487,4
1416,Rahimi:Shahram,16.112320366966436,12
1417,Raich:Raviv,33.18208076495825,7
1418,Raicu:Daniela_Stan,13.66228933970011,12
1419,Raicu:Ioan,39.37016435997739,4
1420,Rajan:Hridesh,30.695889462833318,9
1421,Rajaraman:Rajmohan,19.247221815836838,16
1422,Rajasekaran:Sanguthevar,67.39345255542973,20
1423,Rajopadhye:Sanjay_V=,18.73130134896599,20
1424,Rakamaric:Zvonimir,22.579304906812354,3
1425,Ralescu:Anca_L=,22.009918752474306,20
1426,Ramachandran:Vijaya,26.2975618417011,20
1427,Ramakrishnan:Naren,93.40523813809148,16
1428,Ramamoorthi:Ravi,39.82601326066813,12
1429,Ramamurthy:Byrav,30.78814894848039,16
1430,Ramkumar:Mahalingam,8.705854104245445,8
1431,Ramsey:Norman,7.09549123695949,14
1432,Ranganathan:N=,59.50080161844558,20
1433,Rangarajan:Anand,19.28021642299271,19
1434,Rangaswami:Raju,14.616367202815223,10
1435,Rangwala:Huzefa,48.00675857189005,6
1436,Ranjan:Desh,21.10595087025067,20
1437,Rao:Anup,27.152330100038487,4
1438,Rao:Praveen_R=,11.378175556390037,7
1439,Rao:Rajesh_P=_N=,12.539128564926003,14
1440,Raphael:Benjamin_J=,32.05882174008038,8
1441,Raphael:Christopher,7.975600374808086,17
1442,Rasin:Alexander,11.207460685827792,3
1443,Raskhodnikova:Sofya,24.186609812930843,7
1444,Rau=Chaplin:Andrew,27.456065857504882,20
1445,Rauchwerger:Lawrence,11.698451728065542,17
1446,Ravishankar:Chinya_V=,41.580096214732684,20
1447,Rawlins:Gregory_J=_E=,0.0,20
1448,Ray:Nilanjan,25.38515855502114,8
1449,Raymer:Michael_L=,6.441271275750904,10
1450,Recht:Benjamin,33.53454121799045,5
1451,Reddy:Chandan_K=,28.447837704278086,7
1452,Reese:Donna_S=,1.4025962619724166,16
1453,Reeves:Douglas_S=,18.687522213298976,20
1454,Rege:Manjeet,10.39283329512607,6
1455,Regehr:John,11.517626028803427,11
1456,Regli:William_C=,6.9165021051311815,17
1457,Reichenbach:Stephen_E=,10.261893323659306,17
1458,Reilly:Derek_F=,23.945304601658393,3
1459,Reinman:Glenn,25.494878338085165,13
1460,Rejaie:Reza,11.340579822835704,12
1461,Ren:Shangping,45.54569683271602,11
1462,Renka:Robert_J=,10.840462040904896,20
1463,Rensink:Ronald_A=,1.1232590248778695,13
1464,Reps:Thomas_W=,66.84834979760949,20
1465,Revesz:Peter_Z=,13.554365185369097,20
1466,Reyzin:Leonid,26.29847501687918,13
1467,Rhee:Injong,26.37356823388408,17
1468,Rhodes:Philip_J=,4.565061898917405,10
1469,Ribbens:Calvin_J=,7.112452668626251,20
1470,Richa:Andr=eacute=a_W=,19.209626082282504,16
1471,Riedl:John,38.17430325789627,20
1472,Riedl:Mark_O=,35.46302888056559,7
1473,Riely:James,9.233512245493355,15
1474,Rilling:Juergen,26.683831826963484,16
1475,Rinard:Martin_C=,43.51852009898457,20
1476,Ringger:Eric_K=,19.912199754766363,8
1477,Rizki:Mateen_M=,7.901969410212353,20
1478,Roark:Brian,47.38564586735227,9
1479,Robby:,11.834433674141877,9
1480,Robertson:Scott_P=,3.228707542054819,20
1481,Robertson:William_K=,21.595496354347873,3
1482,Robillard:Martin_P=,17.033600123133205,10
1483,Robins:Gabriel,6.011886165759151,20
1484,Rockmore:Daniel_N=,10.686451017656532,20
1485,Rodger:Susan_H=,10.425932313894299,20
1486,Rogaway:Phillip,30.663091355884973,20
1487,Rogers:Anne,4.161778223908963,18
1488,Rogers:John_D=,1.1576890907294632,18
1489,Ronne:Jeffery_von,4.6323883218211055,9
1490,Ros=eacute=:Carolyn_Penstein,52.49989292150529,6
1491,Rose:John_R=,2.3514402062137725,20
1492,Rosenberg:Burton,1.312838135644996,17
1493,Rosenbloom:Paul_S=,4.781367079402088,20
1494,Roth:Amir,7.7521306406751584,9
1495,Roth:Dan,77.9192850421705,17
1496,Rothermel:Gregg,36.71777508354812,18
1497,Rouchka:Eric_C=,15.06128364170202,9
1498,Roughgarden:Tim,52.05987235932825,10
1499,Roumeliotis:Stergios_I=,35.837158478534654,12
1500,Rountev:Atanas,19.490060735908774,12
1501,Roy:Chanchal_Kumar,70.36682041278189,3
1502,Ruan:Jianhua,12.880460055946731,7
1503,Ruan:Lu,2.3875022309686176,13
1504,Rudie:Karen,12.710154402445585,20
1505,Rudra:Atri,30.861904956893333,7
1506,Ruiz:Carolina,11.512828402197439,18
1507,Ruml:Wheeler,33.219676498512584,7
1508,Rundensteiner:Elke_A=,46.581003469570504,18
1509,Ruppert:Eric,7.898776948796167,14
1510,Rus:Vasile,54.6037948311449,11
1511,Russell:Alexander,29.40354752629645,15
1512,Russell:Stuart_J=,14.717059964958185,20
1513,Rutherford:Matthew_J=,12.26339328780196,6
1514,Ruths:Derek,14.683693625718922,5
1515,Sabry:Amr,8.07735686356338,19
1516,Sadayappan:P=,63.981499656585086,20
1517,Sadjadi:Seyed_Masoud,13.285940273327007,9
1518,Safonova:Alla,10.93820729029853,5
1519,Sahakian:Alan_V=,0.0,20
1520,Saia:Jared,30.62386366342739,12
1521,Salavatipour:Mohammad_R=,13.73124772150706,10
1522,Salem:Kenneth,26.067355811503973,20
1523,Salem:Saeed,13.036663659422807,4
1524,Salvucci:Dario_D=,11.801741925620323,12
1525,Samaan:Nancy,14.852874787481678,7
1526,Samaras:Dimitris,27.420003832750037,14
1527,Sanders:Beverly_A=,4.455166641298881,20
1528,Sandholm:Tuomas,60.30784584335011,18
1529,Sandhu:Ravi_S=,60.819856014929464,20
1530,Sandu:Adrian,32.092881634215054,17
1531,Sankaralingam:Karthikeyan,37.648355342615574,8
1532,Sankaranarayanan:Sriram,55.87110545483463,5
1533,Santelices:Ra=uacute=l_A=,15.76782320824297,3
1534,Santos:Eunice_E=,11.653910833514079,19
1535,Sara=ccedil=:Kamil,11.378175556390037,12
1536,Saria:Suchi,8.85602047961402,3
1537,Sarin:Vivek,2.3170101403621786,15
1538,Sarjoughian:Hessam_S=,15.980833188861775,13
1539,Sarkar:Anoop,22.045013919633135,12
1540,Sarkar:Dilip,12.775783920690806,20
1541,Sarkar:Sudeep,29.293641342469726,20
1542,Sarma:Anita,18.084735098501383,5
1543,Sarrafzadeh:Majid,68.58593211724683,20
1544,Sarvestani:Sahra_Sedigh,21.567397623901755,10
1545,Scaffidi:Christopher,28.65931397609741,5
1546,Scassellati:Brian,32.492988197407556,13
1547,Schaefer:Marcus,13.624693606145778,15
1548,Schaefer:Scott,15.029920993449402,8
1549,Schaeffer:Jonathan,62.554886259081556,20
1550,Scheidler:Renate,4.929913053462064,19
1551,Scheutz:Matthias,57.02572712796511,15
1552,Schlimm:Dirk,2.3892405482986563,4
1553,Schmidt:David_A=,7.959482704846223,20
1554,Schmidt:Douglas_C=,20.605454716581676,20
1555,Schr=ouml=der:Peter,9.05799974832512,19
1556,Schroeder:Bianca,10.322341204519631,7
1557,Schulte:Oliver,18.291511993818474,17
1558,Schuurmans:Dale,36.73350517195804,16
1559,Schwartz:Daniel_G=,1.8037250274318477,20
1560,Schwiebert:Loren,7.9003106575956545,19
1561,Sclaroff:Stan,39.99999204903687,19
1562,Scott:Michael_L=,34.09489656170892,20
1563,Scott:Stephen_D=,3.4386372063367965,15
1564,Seales:W=_Brent,10.34198534060101,20
1565,Sederberg:Thomas_W=,24.58163788505334,20
1566,Segre:Alberto_Maria,12.676650647295062,20
1567,Seitz:Steven_M=,25.002967412639578,17
1568,Sekar:R=,16.861351543771473,18
1569,Selinger:Peter,10.254916531512167,17
1570,Seltzer:Margo_I=,24.121407029876337,20
1571,Sen:Sandip,25.95829433368771,20
1572,Sengers:Phoebe,17.27643904320514,13
1573,Seppi:Kevin_D=,26.02600365756164,12
1574,Serra:Micaela,1.4025962619724166,20
1575,Seshan:Srinivasan,37.7126143479203,14
1576,Settle:Amber,29.536568413200598,16
1577,Sha:Edwin_Hsing=Mean,67.43442333042955,20
1578,Sha:Fei,30.97009103115787,6
1579,Shaffer:Clifford_A=,15.629749667857359,20
1580,Shafran:Izhak,30.05197694269384,8
1581,Shah:Mubarak,137.3416874404668,20
1582,Shah:Rahul,41.0462311476953,9
1583,Shah:Shishir_K=,40.09868112019319,16
1584,Shahrokhi:Farhad,2.805192523944833,20
1585,Shakhnarovich:Gregory,13.79540847670802,6
1586,Shang:Weijia,11.649012323211874,20
1587,Shang:Yi,20.539563752373702,17
1588,Shankar:A=_Udaya,16.43769139351146,20
1589,Shao:Zhong,22.72671867353447,20
1590,Shatkay:Hagit,19.386672288250228,10
1591,Shavlik:Jude_W=,30.42740058220442,20
1592,Shehu:Amarda,54.149394687576574,6
1593,Shekhar:Shashi,63.059745838757266,20
1594,Shelat:Abhi,28.309920940664185,7
1595,Shell:Dylan_A=,40.38055123251519,5
1596,Shelton:Christian_R=,10.32387491331912,11
1597,Shen:Han=Wei,43.642142232884254,15
1598,Shen:Wuwei,10.425631402074414,12
1599,Shen:Xiaojun,21.769189427411003,20
1600,Shen:Xipeng,37.43697732090002,8
1601,Sheng:Bo,21.42641344268888,4
1602,Shenoi:Sujeet,31.83820407591648,20
1603,Sherman:Alan_T=,1.45103139982571,20
1604,Shi:Jianbo,10.290978556267014,11
1605,Shieber:Stuart_M=,18.699100362093926,20
1606,Shih:Frank_Y=,38.83618916097146,20
1607,Shimada:Kenji,17.37186419655496,18
1608,Shin:Dongwan,16.18291070767664,9
1609,Shin:Michael_Eonsuk,3.510761255846487,12
1610,Shin:Min_C=,9.094061773079964,13
1611,Shinar:Tamar,2.213621692703633,3
1612,Shing:Man=tak,12.570682932875245,20
1613,Shipman_III:Frank_M=,30.727252111085935,19
1614,Shirmohammadi:Shervin,81.81408872301071,11
1615,Shoham:Yoav,43.668435915630994,20
1616,Shontz:Suzanne_M=,13.903594550972558,8
1617,Shrimpton:Thomas,18.293143952721728,10
1618,Shriraman:Arrvindh,14.920201210385379,3
1619,Shrivastava:Aviral,29.569464770252708,8
1620,Shroff:Ness_B=,103.32294707442577,20
1621,Shue:Craig_A=,14.818444721630085,3
1622,Si:Luo,50.009002242878125,8
1623,Sicker:Douglas_C=,17.23567764194807,13
1624,Siddiqi:Kaleem,22.70191828530875,15
1625,Sieber:Ren=eacute=e,2.246518049755739,15
1626,Siegel:Stephen_F=,9.097227440782705,8
1627,Siegelmann:Hava_T=,13.695185696752215,13
1628,Siek:Katie_A=,24.019060610071335,8
1629,Siepel:Adam_C=,2.502756868815916,6
1630,Sifakis:Eftychios,11.345377449441695,3
1631,Simha:Rahul,10.46728081132416,20
1632,Singh:Aarti,34.23781686672489,5
1633,Singh:Ambuj_K=,27.680803689617534,20
1634,Singh:Gurdip,10.300352616202735,20
1635,Singh:Jaswinder_Pal,2.506589251129305,16
1636,Singh:Mohit,26.19671852812389,4
1637,Singh:Montek,6.919667772833916,13
1638,Singh:Munindar_P=,69.45973703622556,19
1639,Singh:Satinder_P=,29.777971874576814,18
1640,Singh:Suresh,16.918854148279134,20
1641,Singhal:Mukesh,62.40391147993394,20
1642,Sinha:Prasun,34.333438520282236,11
1643,Sion:Radu,25.414790994266742,9
1644,Sistla:A=_Prasad,16.32751300431057,20
1645,Sitharam:Meera,8.664221379847174,20
1646,Sivasubramaniam:Anand,42.30740693618708,19
1647,Sivilotti:Paolo_A=_G=,1.1937511154843088,16
1648,Siy:Harvey_P=,13.655958004294632,9
1649,Skadron:Kevin,38.6260290598821,15
1650,Skjellum:Anthony,11.624589361225816,20
1651,Slator:Brian_M=,1.35658569996413,20
1652,Sloan:Robert_H=,13.226314615492416,20
1653,Smaragdakis:Yannis,31.88800861941437,14
1654,Smart:Bill,0.0,9
1655,Smirni:Evgenia,34.5169143117592,17
1656,Smith:Jonathan_M=,26.453494000458235,20
1657,Smith:Michael_D=,14.26647679966196,20
1658,Smith:Noah_A=,72.52577835339278,8
1659,Smith:Scott_F=,19.42051915633074,20
1660,Smith:Sean_W=,21.774076269115085,14
1661,Smolka:Scott_A=,43.022938005447756,20
1662,Smotherman:Mark,1.5020676207365846,20
1663,Smyth:Padhraic,23.03045443100087,18
1664,Smyth:Tamara,3.3039843605293964,10
1665,Snell:Quinn,13.829838542559614,17
1666,Snodgrass:Richard_T=,71.01515663705682,20
1667,Soatto:Stefano,44.435100478649105,17
1668,Soh:Leen=Kiat,31.747024438201493,13
1669,Sohn:Andrew,4.928059441869417,20
1670,Solar=Lezama:Armando,29.63842315205966,5
1671,Somayaji:Anil,5.8261394373054145,10
1672,Son:Sang_Hyuk,55.81338424966912,20
1673,Song:Dawn_Xiaodong,51.186840068171676,12
1674,Song:Dezhen,25.707279402453473,9
1675,Song:Guang,2.3892405482986563,7
1676,Song:Wen=Zhan,49.12685192906518,9
1677,Song:Xubo_B=,12.644368511180433,12
1678,Song:Yun_S=,6.880538330480095,7
1679,Song_0001:Wei,20.50196801881937,5
1680,Sousa:Mario_Costa,32.80142333137618,13
1681,Souvaine:Diane_L=,21.9371735405288,20
1682,Souvenir:Richard,28.031216496044934,8
1683,Spafford:Eugene_H=,21.44652766802296,20
1684,Spear:Michael_F=,19.417936686399084,5
1685,Spetsakis:Minas_E=,1.4510313998257118,18
1686,Spielman:Daniel_A=,16.07789030111484,18
1687,Spirtes:Peter,15.591189340596667,20
1688,Spletzer:John_R=,5.757279305602227,10
1689,Spooner:David_L=,14.100934866422776,20
1690,Sprague:Alan_P=,15.26100393011093,20
1691,Sridharan:Mohan,21.46084350854047,6
1692,Srihari:Rohini_K=,11.055200245475866,20
1693,Srisa=an:Witawas,9.059631707228371,12
1694,Stanley:Kenneth_O=,37.956986976791725,8
1695,Stanley:Kevin_G=,27.387303975905454,7
1696,Starner:Thad,41.58848542918324,15
1697,Stathopoulos:Andreas,3.371310783433098,17
1698,Stavrou:Angelos,54.0084105063637,7
1699,Steele:Adam,1.2315514575691924,13
1700,Steenkiste:Peter,50.25046128420878,20
1701,Stefankovic:Daniel,20.57888969493505,9
1702,Stefanovic:Darko,23.879610137657945,14
1703,Steinfield:Charles,21.462852801486015,20
1704,Stetten:George_D=,7.061061171107896,14
1705,Stevenson:D=_E=,1.6728094678460528,20
1706,Stevenson:Suzanne,15.97613381235955,19
1707,Stewart:Christopher,15.841480966552147,5
1708,Stewart:Lorna,5.75829154450713,20
1709,Sticklen:Jon,2.7591819619365463,20
1710,Stoica:Ion,80.4711708082959,14
1711,Stoleru:Radu,45.53926724720678,7
1712,Stone:Matthew,6.880440080376332,15
1713,Stone:Peter,92.33377122637839,12
1714,Stotts:P=_David,13.910028150804287,20
1715,Strauss:Martin,10.712806608167263,9
1716,Striegel:Aaron,21.625227043697237,11
1717,Strout:Michelle_Mills,19.59191547476783,9
1718,Stump:Aaron,17.48321593852223,12
1719,Su:Zhendong,36.41864045248018,12
1720,Subrahmanian:V=_S=,63.248165924400425,20
1721,Subramaniam:Mahadevan,11.381341224092775,11
1722,Subramanian:Devika,7.754245480596019,20
1723,Subramanian:Kalpathi_R=,4.630756362917854,20
1724,Subramanian:Lakshminarayanan,25.042096854993396,8
1725,Sudderth:Erik_B=,21.38955119157968,4
1726,Sukhatme:Gaurav_S=,78.79807318807319,14
1727,Sukthankar:Gita_Reese,41.325132092522075,7
1728,Sun:Yanni,17.271641416599152,6
1729,Sun_0004:Yu,10.640682558657572,4
1730,Sussman:Alan,19.411703601097372,12
1731,Suthers:Daniel_D=,18.36210233452868,16
1732,Swan_II:J=_Edward,20.406542865469554,10
1733,Swany:D=_Martin,19.457164378856667,11
1734,Swift:Michael_M=,31.10637583586852,8
1735,Syed:Zeeshan,12.780335526094689,5
1736,Syriani:Eugene,29.741909849821965,3
1737,Syrotiuk:Violet_R=,15.029920993449407,15
1738,Sze:Sing=Hoi,9.374701035236784,11
1739,Szymczak:Andrzej,8.14468328646708,14
1740,Tadepalli:Prasad,45.20283460440217,20
1741,Tagkopoulos:Ilias,10.642314517560823,4
1742,Taha:Thiab_R=,9.736481980829355,20
1743,Tamassia:Roberto,38.322637673189426,20
1744,Tamon:Christino,4.666818387672699,18
1745,Tan:Wang_Chiew,21.498439242094804,12
1746,Tang:Jian,79.49090690398599,8
1747,Tang:Jijun,19.2440561481341,10
1748,Tang_0001:Anthony,41.01353129085072,3
1749,Tao:Lixin,6.974082897232966,20
1750,Tapia:Lydia,14.785548364577979,3
1751,Tappen:Marshall_F=,22.337502327819863,7
1752,Taskar:Ben,36.454622434899115,6
1753,Tavanapong:Wallapak,10.25338282271268,15
1754,Taylor:Michael_Bedford,15.020423990341186,9
1755,Taylor:Valerie_E=,13.717178994911409,20
1756,Tedrake:Russ,38.97542209531532,9
1757,Teller:Patricia_J=,3.5829916637829644,20
1758,Teng:Shang=Hua,19.552589532206486,20
1759,Teodorescu:Radu,12.570392963074859,6
1760,Terrell:Steve,0.0,20
1761,Terzis:Andreas,11.655444542313568,11
1762,Thai:My_T=,53.61672236087392,8
1763,Thompson:Dale_R=,2.3892405482986563,12
1764,Thornton:Mitchell_A=,20.580423403734535,19
1765,Tian:Jin,27.178895121685112,12
1766,Tilley:Scott_R=,30.377391049661146,13
1767,Tinelli:Cesare,24.017526901271843,15
1768,Todorov:Emanuel,40.23640138359957,12
1769,Todorovic:Sinisa,23.879610137657945,6
1770,Tolmach:Andrew_P=,2.5027568688159167,20
1771,Toman:David,19.143833368178292,16
1772,Tomasi:Carlo,24.691448309964784,20
1773,Tomuro:Noriko,9.029901017879006,14
1774,Tong:Yiying,28.511998459479052,6
1775,Torresani:Lorenzo,22.85820585163913,5
1776,Tosun:Ali_Saman,14.887403103437038,11
1777,Trajcevski:Goce,36.69600768850748,7
1778,Tran:Thomas_T=,22.89370609596559,6
1779,Trefler:Richard_J=,6.919667772833916,12
1780,Trenary:Robert_G=,5.688887901676448,3
1781,Trinkle:Jeffrey_C=,17.656304235047777,20
1782,Tripathi:Rahul,10.056492581975323,6
1783,Troyanskaya:Olga_G=,13.731247721507062,11
1784,Truong:Khai_N=,29.95012220383478,8
1785,Tsatsoulis:Costas,2.7591819619365463,20
1786,Tsekos:Nikolaos_V=,21.87629928633445,13
1787,Tseng:Chau=Wen,11.718320039103904,11
1788,Tsitsiklis:John_N=,26.30804524442579,20
1789,Tsotras:Vassilis_J=,65.01671929829348,20
1790,Tu:Zhuowen,53.08406333259795,7
1791,Tulsiani:Madhur,20.816930988400998,3
1792,Tumblin:Jack,2.354810482447062,12
1793,Turcotte:Marcel,4.928059441869417,12
1794,Turner:Jonathan_S=,44.65586336063278,20
1795,Turner:Roy_M=,2.3892405482986563,18
1796,Tyson:Gary_S=,5.758813014401714,17
1797,Tzanetakis:George,29.878096404428856,11
1798,Tzeng:Nian=Feng,38.1880862635204,20
1799,Tzerpos:Vassilios,9.41413333622492,12
1800,Ullmer:Brygg,8.554296988252599,7
1801,Umans:Christopher,11.688340899365674,12
1802,Urgaonkar:Bhuvan,22.958330381491173,9
1803,Vadhan:Salil_P=,41.807546014859454,13
1804,Vahdat:Amin,48.042820596644894,16
1805,Vahid:Frank,23.667235389380508,19
1806,Vaikuntanathan:Vinod,71.4776125455198,3
1807,Valafar:Homayoun,3.474699231091642,10
1808,Valavanis:Kimon_P=,74.90492652707624,20
1809,Valetto:Giuseppe,18.12712845866171,7
1810,Valtorta:Marco,9.735689435014523,20
1811,VanLehn:Kurt,45.68295290532224,20
1812,Varadarajan:Kasturi_R=,13.801739812113501,14
1813,Varadarajan:Srinidhi,13.63774592842825,12
1814,Vardy:Andrew,12.673781410733405,9
1815,Varela:Carlos_A=,12.535864647119501,13
1816,Varki:Elizabeth,4.971545777860337,14
1817,Varshney:Amitabh,5.7588130144017144,20
1818,Vasserman:Eugene_Y=,13.867434276113949,4
1819,Vaughan:Jennifer_Wortman,18.153693480308334,4
1820,Veksler:Olga,15.028387284649915,11
1821,Veloso:Manuela_M=,99.23919613853774,20
1822,Vempala:Santosh,35.30181101311155,16
1823,Venkatakrishnan:V=_N=,21.492206156793088,10
1824,Venkataramani:Arun,16.004232542805667,9
1825,Venkatasubramanian:Suresh,24.083123115168533,7
1826,Verbrugge:Clark,22.75165173627785,13
1827,Verma:Rakesh_M=,11.909382869205817,20
1828,Vidal:Jos=eacute=_M=,6.011886165759153,14
1829,Vijay=Shanker:K=,21.34463173341378,20
1830,Vijaykrishnan:Narayanan,86.59202623051509,16
1831,Vilalta:Ricardo,6.952768738416573,11
1832,Villaverde:Karen,7.434648692998721,4
1833,Vincent:Pascal,17.410993638908778,8
1834,Viola:Emanuele,45.863628969792856,6
1835,Vitek:Olga,12.995493041104632,7
1836,Vitter:Jeffrey_Scott,96.04788245115623,20
1837,Vlajic:Natalija,15.314135140370063,12
1838,Vona:Marsette,5.863939779390297,3
1839,Vose:Michael_D=,3.2855439704427134,20
1840,Vrbsky:Susan_V=,20.35103667873638,20
1841,Vrudhula:Sarma_B=_K=,62.138002051756246,20
1842,Vucetic:Slobodan,27.73016917572567,12
1843,Vuduc:Richard_W=,39.25892416654057,7
1844,Vuong:Son_T=,19.13867839576774,20
1845,Vuran:Mehmet_Can,19.796962161077907,7
1846,Wagner:Alan_S=,8.618325070527426,16
1847,Wagner:David,41.466214523838715,14
1848,Wahl:Thomas,12.503066540171158,3
1849,Wakefield:Gregory_H=,10.525457125897596,20
1850,Walia:Gursimran_Singh,30.829106849944992,5
1851,Walker:David,26.36743339868613,12
1852,Walker:Robert_A=,6.874949623837223,20
1853,Walker:Robert_J=,8.144683286467078,12
1854,Wallace:Charles,12.532698979416761,14
1855,Wan:Peng=Jun,32.16374389653841,17
1856,Wang:An=I,4.497735476013705,11
1857,Wang:Chaoli,38.68427951278713,6
1858,Wang:Daisy_Zhe,15.908807389455848,3
1859,Wang:DeLiang,62.420347762956204,20
1860,Wang:Guiling,32.87201367208638,8
1861,Wang:Jingtao,20.240527371409534,4
1862,Wang:Liqiang,21.52970364024366,8
1863,Wang:Mea,27.083371718231533,6
1864,Wang:XiaoFeng,35.93632478024657,10
1865,Wang:Yalin,41.05256248310077,4
1866,Wang:Yuan=Fang,14.38268664446257,20
1867,Wang:Yuke,2.713171399928264,13
1868,Wang:Yusu,29.60552679500755,9
1869,Wang:Zhenlin,18.15839285681056,10
1870,Wang_0003:Rui,2.625676271289992,5
1871,Wang_0003:Yu,52.73630225606799,10
1872,Wang_0010:Wei,27.321511261801245,12
1873,Wareham:Todd,12.925000950498195,14
1874,Warnick:Sean_C=,16.32583781475011,10
1875,Wartell:Zachary,11.345377449441694,9
1876,Waters:Brent,97.2869633242043,6
1877,Watrous:John,6.9869941957376165,15
1878,Watson:Benjamin,6.882276647810134,16
1879,Watson:Daniel_W=,1.231551457569191,20
1880,Watson:Richard,5.790077412550569,15
1881,Weddell:Grant_E=,22.65520687136962,20
1882,Weeks:Michael,5.688320923795275,15
1883,Weems:Bob_P=,1.5020676207365846,19
1884,Wei:Jinpeng,16.010563878211144,5
1885,Wei:Zhi,6.607968721058793,6
1886,Weigle:Michele_C=,36.445205474126816,10
1887,Weimer:Westley,32.05882174008038,8
1888,Weinberger:Kilian_Q=,34.065666537466925,7
1889,Weiss:Mark_Allen,0.0,20
1890,Weissman:Jon_B=,17.02890074663098,19
1891,Welch:Jennifer_L=,29.95182529320786,20
1892,Welch:Lonnie_R=,8.864595078083664,20
1893,Wellman:Michael_P=,30.661336138806863,20
1894,Weng:Juyang,33.08466980600511,20
1895,Wenger:Rephael,5.211834658102573,20
1896,Wenisch:Thomas_F=,37.98988333384383,7
1897,West:Richard,11.340579822835704,14
1898,Wetherall:David,25.071827544342764,15
1899,Weymouth:Terry_E=,0.0,20
1900,Whalley:David_B=,10.425648086925891,20
1901,Whitaker:Ross_T=,29.741811599718204,18
1902,Whitehead:Anthony,5.7243829485501205,9
1903,Whitley:L=_Darrell,45.831117972388085,20
1904,Widom:Jennifer,26.866600452086185,20
1905,Wiemer=Hastings:Peter_M=,3.407372808187942,13
1906,Wierman:Adam,63.86847322468335,7
1907,Wigdor:Daniel_J=,27.2854492370464,3
1908,Wijesekera:Duminda,35.56958299592687,15
1909,Wildes:Richard_P=,9.461565904342242,20
1910,Wilkins:Dawn,11.800003608290286,18
1911,Williams:Lance_R=,5.972232212081621,16
1912,Williams:Laurie_A=,47.00875363981513,14
1913,Williams:Tiffani_L=,16.78774752452185,5
1914,Wills:Craig_E=,11.571819255777672,20
1915,Wilson:Christopher_B=,16.40698568626769,7
1916,Wilson:Dale=Marie,8.743654446330329,5
1917,Winfree:Erik,7.903476325298396,15
1918,Wing:Jeannette_M=,16.67500864836093,20
1919,Winslett:Marianne,86.34935007778762,20
1920,Winter:Victor_L=,6.8460100145247385,13
1921,Wishart:David_S=,29.607158753910802,19
1922,Wittie:Mike_P=,12.296289644854067,3
1923,Wohlstadter:Eric,8.253180327688954,9
1924,Wolfe:Victor_Fay,1.35658569996413,19
1925,Wolski:Richard,14.372092824047561,15
1926,Wong:Bernard,18.36373429343193,3
1927,Wong:Jennifer_L=,12.725655189256237,5
1928,Wong:Weng=Keen,24.0487912994207,9
1929,Wood:Timothy,35.05110704883465,3
1930,Woodard:Damon_L=,15.89676792214485,7
1931,Woodfield:Scott_N=,0.0,20
1932,Wright:Matthew_K=,27.526656198215086,9
1933,Wu:Chase_Qishi,42.352965964050135,8
1934,Wu:Hongyi,29.705749574963356,12
1935,Wu:Shaoen,16.792491412068287,5
1936,Wu:Shyhtsun_Felix,28.780704612751656,18
1937,Wu:Wensheng,7.93474072344725,6
1938,Wu:Yufeng,13.759346451953176,7
1939,Wu:Yuqing,18.18965725495942,10
1940,Wu:Zhengping,25.919449542200354,5
1941,Wu_0001:Jie,191.77805167537565,20
1942,Wunsch:Donald,4.702880412427545,20
1943,Wyk:Eric_Van,13.659221922101132,12
1944,Wyman:Chris,13.66065738079686,10
1945,Xi:Hongwei,5.619362541988323,15
1946,Xia_0001:Ye,8.215379985604068,10
1947,Xiao:Yang,103.3203568873824,12
1948,Xie:Fei,40.90524696648242,10
1949,Xie:Geoffrey_G=,18.25554821916739,18
1950,Xie:Mengjun,20.4049109065663,4
1951,Xie:Tao,129.7485039216822,9
1952,Xie_0001:Yuan,140.91865032584022,11
1953,Xing:Eric_P=,111.3240559926366,10
1954,Xu:Guoqing_=Harry=,24.087920741774525,3
1955,Xu:Jinbo,35.901796464291216,9
1956,Xu:Lisong,23.89382472503624,9
1957,Xu:Wenyan,4.668450346575951,7
1958,Xuan:Dong,35.60238110287521,13
1959,Xue:Nianwen,34.24117903463516,5
1960,Xue:Yuan,48.31702216496946,9
1961,Yampolskiy:Roman_V=,43.05491770261932,6
1962,Yan:Changhui,8.22038222074061,7
1963,Yan:Xifeng,60.87148853942685,6
1964,Yang:Junfeng,34.950786018775084,6
1965,Yang:Ruigang,37.637422880811634,11
1966,Yang_0001:Jing,48.06624753626493,8
1967,Yang_0001:Jun,16.470192272196275,12
1968,Yao:Danfeng,32.98163520504664,6
1969,Yarowsky:David,12.466906265312549,18
1970,Yates:Alexander,19.342925933279023,5
1971,Ye:Jieping,117.02474483693155,9
1972,Ye:Nong,3.777794662376028,20
1973,Yelick:Katherine_A=,29.151775904254183,20
1974,Yen:I=Ling,54.7827431686832,20
1975,Yenduri:Sumanth,2.246518049755739,9
1976,Yesha:Yelena,31.588555887295136,20
1977,Yew:Pen=Chung,35.91881086065709,20
1978,Yi:Qing,22.721921046928482,9
1979,Yilmaz:Levent,33.2510391467652,11
1980,Yin:Heng,32.77015893322732,5
1981,Yin:Lijun,29.67918455331673,13
1982,Yin:Zhaozheng,23.437957616577645,3
1983,Yoshigoe:Kenji,13.557367183242075,10
1984,Youn:Eunseog,1.2712054112467233,6
1985,Youn:Jong=Hoon,6.709725209814087,12
1986,Young:James_Everett,23.383528709624713,3
1987,Young:Neal_E=,12.501434581267908,19
1988,Young:Robert_Michael,24.589022612712142,15
1989,Youssef:Abdou,15.637376409817524,20
1990,Yu:Hong,71.94602658845425,8
1991,Yu:Jingyi,46.729950945092114,9
1992,Yu:Sheng,38.527485242918594,20
1993,Yu:Shucheng,36.824132698701874,4
1994,Yu:Ting,55.976027611292665,11
1995,Yu:Weikuan,41.15441722195983,5
1996,Yu:Zeyun,25.244174373808264,6
1997,Yuan:Li=Yan,6.016460031126534,20
1998,Yue:Chuan,12.637621135874795,4
1999,Yuksel:Murat,32.23423598714486,8
2000,Z=aacute=ruba:Gergely_V=,9.304004336099796,13
2001,Za=iuml=ane:Osmar_R=,57.1586497647655,15
2002,Zalila=Wenkstern:Rym,8.21537998560407,18
2003,Zanden:Bradley_T=_Vander,2.4631029151383848,20
2004,Zappala:Daniel,3.510761255846489,17
2005,Zdancewic:Steve,19.31618019764379,12
2006,Zeh:Norbert,13.936392657920901,11
2007,Zeil:Steven_J=,1.8037250274318477,20
2008,Zeldovich:Nickolai,45.85250000778139,6
2009,Zemel:Richard_S=,34.449489638751736,18
2010,Zhai:Antonia,19.45083304345119,9
2011,Zhang:Aidong,65.10451945022422,20
2012,Zhang:Beichuan,21.525102513845194,9
2013,Zhang:Chengcui,28.444672036575348,10
2014,Zhang:Eugene,17.447153913767387,10
2015,Zhang:Hantao,5.520788499718102,20
2016,Zhang:Hongwei,52.08470717196786,7
2017,Zhang:Huajie,1.1576890907294637,10
2018,Zhang:Huaming,8.036595462306309,9
2019,Zhang:Weining,6.835889633052252,20
2020,Zhang:Youtao,38.42395154106724,12
2021,Zhang:Zhenghao,22.0074181860788,7
2022,Zhang:Zhi=Li,63.77131786232651,17
2023,Zhang:Zhongfei_=Mark=,52.39793993254247,15
2024,Zhang_0001:Jun,9.26794231134495,16
2025,Zhang_0001:Wensheng,19.518257716458653,9
2026,Zhang_0002:Hao,44.62911645305147,11
2027,Zhang_0004:Nan,37.64691988391985,8
2028,Zhao:Ben_Y=,45.648987030270796,10
2029,Zhao:Tian,8.182688237082514,11
2030,Zhao:Ye,33.31673361076565,8
2031,Zheng:Haitao,40.03279015598521,9
2032,Zheng:Rong,65.23620312853642,10
2033,Zheng:Si=Qing,50.29387076315949,20
2034,Zheng_0001:Hao,8.111885179518737,10
2035,Zhong:Sheng,55.17711701057417,9
2036,Zhou:Hai,25.208014098949654,13
2037,Zhu:Dakai,25.070195585439514,9
2038,Zhu:Jichen,26.01804036325291,4
2039,Zhu:Mengxia,31.109345003363735,8
2040,Zhu:Qiuming,14.534303194286512,20
2041,Zhu:Sencun,41.32839601032859,10
2042,Zhu:Song=Chun,60.28865533692615,16
2043,Zhu:Ting,55.65809547421582,3
2044,Zhuang:Hanqi,14.756356275317215,20
2045,Zhuang:Yu,9.374701035236784,12
2046,Zilberstein:Shlomo,32.11942189776696,20
2047,Znati:Taieb,59.763125426204525,20
2048,Zordan:Victor_B=,8.039761130009047,12
2049,Zou:Cliff_Changchun,18.429330507328615,9
2050,Zou:Ying,47.93156710478139,11
2051,Zuckerman:David,20.401745238863562,20
2052,desJardins:Marie,19.455532419953418,13
